--
-- PostgreSQL database dump
--

-- Dumped from database version 16.8 (Debian 16.8-1.pgdg120+1)
-- Dumped by pg_dump version 17.2

-- Started on 2025-05-16 00:54:37

SET statement_timeout = 0;
SET lock_timeout = 0;
SET idle_in_transaction_session_timeout = 0;
SET transaction_timeout = 0;
SET client_encoding = 'UTF8';
SET standard_conforming_strings = on;
SELECT pg_catalog.set_config('search_path', '', false);
SET check_function_bodies = false;
SET xmloption = content;
SET client_min_messages = warning;
SET row_security = off;

--
-- TOC entry 5 (class 2615 OID 2200)
-- Name: public; Type: SCHEMA; Schema: -; Owner: easuidb
--

-- *not* creating schema, since initdb creates it


ALTER SCHEMA public OWNER TO easuidb;

SET default_tablespace = '';

SET default_table_access_method = heap;

--
-- TOC entry 233 (class 1259 OID 16649)
-- Name: AboutUs; Type: TABLE; Schema: public; Owner: easuidb
--

CREATE TABLE public."AboutUs" (
    "Id" uuid NOT NULL,
    "Title" text NOT NULL,
    "Content" text NOT NULL,
    "ImageUrl" text,
    "Email" text,
    "Phone" text,
    "Address" text,
    "CreatorId" uuid,
    "UpdaterId" uuid,
    "CreatedAt" timestamp with time zone NOT NULL,
    "CreatedBy" uuid,
    "UpdatedAt" timestamp with time zone,
    "UpdatedBy" uuid,
    "IsActive" boolean NOT NULL
);


ALTER TABLE public."AboutUs" OWNER TO easuidb;

--
-- TOC entry 239 (class 1259 OID 24608)
-- Name: Articles; Type: TABLE; Schema: public; Owner: easuidb
--

CREATE TABLE public."Articles" (
    "Id" uuid NOT NULL,
    "Title" text NOT NULL,
    "ShortDescription" text NOT NULL,
    "Description" text NOT NULL,
    "Content" text NOT NULL,
    "PublishedAt" timestamp with time zone NOT NULL,
    "AuthorId" uuid,
    "ImageUrl" text NOT NULL,
    "ViewCount" integer NOT NULL,
    "CreatedAt" timestamp with time zone NOT NULL,
    "CreatedBy" uuid,
    "UpdatedAt" timestamp with time zone,
    "UpdatedBy" uuid,
    "IsActive" boolean NOT NULL
);


ALTER TABLE public."Articles" OWNER TO easuidb;

--
-- TOC entry 219 (class 1259 OID 16416)
-- Name: AspNetRoleClaims; Type: TABLE; Schema: public; Owner: easuidb
--

CREATE TABLE public."AspNetRoleClaims" (
    "Id" integer NOT NULL,
    "RoleId" uuid NOT NULL,
    "ClaimType" text,
    "ClaimValue" text
);


ALTER TABLE public."AspNetRoleClaims" OWNER TO easuidb;

--
-- TOC entry 218 (class 1259 OID 16415)
-- Name: AspNetRoleClaims_Id_seq; Type: SEQUENCE; Schema: public; Owner: easuidb
--

ALTER TABLE public."AspNetRoleClaims" ALTER COLUMN "Id" ADD GENERATED BY DEFAULT AS IDENTITY (
    SEQUENCE NAME public."AspNetRoleClaims_Id_seq"
    START WITH 1
    INCREMENT BY 1
    NO MINVALUE
    NO MAXVALUE
    CACHE 1
);


--
-- TOC entry 216 (class 1259 OID 16401)
-- Name: AspNetRoles; Type: TABLE; Schema: public; Owner: easuidb
--

CREATE TABLE public."AspNetRoles" (
    "Id" uuid NOT NULL,
    "Description" text,
    "Name" character varying(256),
    "NormalizedName" character varying(256),
    "ConcurrencyStamp" text
);


ALTER TABLE public."AspNetRoles" OWNER TO easuidb;

--
-- TOC entry 221 (class 1259 OID 16429)
-- Name: AspNetUserClaims; Type: TABLE; Schema: public; Owner: easuidb
--

CREATE TABLE public."AspNetUserClaims" (
    "Id" integer NOT NULL,
    "UserId" uuid NOT NULL,
    "ClaimType" text,
    "ClaimValue" text
);


ALTER TABLE public."AspNetUserClaims" OWNER TO easuidb;

--
-- TOC entry 220 (class 1259 OID 16428)
-- Name: AspNetUserClaims_Id_seq; Type: SEQUENCE; Schema: public; Owner: easuidb
--

ALTER TABLE public."AspNetUserClaims" ALTER COLUMN "Id" ADD GENERATED BY DEFAULT AS IDENTITY (
    SEQUENCE NAME public."AspNetUserClaims_Id_seq"
    START WITH 1
    INCREMENT BY 1
    NO MINVALUE
    NO MAXVALUE
    CACHE 1
);


--
-- TOC entry 222 (class 1259 OID 16441)
-- Name: AspNetUserLogins; Type: TABLE; Schema: public; Owner: easuidb
--

CREATE TABLE public."AspNetUserLogins" (
    "LoginProvider" text NOT NULL,
    "ProviderKey" text NOT NULL,
    "ProviderDisplayName" text,
    "UserId" uuid NOT NULL
);


ALTER TABLE public."AspNetUserLogins" OWNER TO easuidb;

--
-- TOC entry 223 (class 1259 OID 16453)
-- Name: AspNetUserRoles; Type: TABLE; Schema: public; Owner: easuidb
--

CREATE TABLE public."AspNetUserRoles" (
    "UserId" uuid NOT NULL,
    "RoleId" uuid NOT NULL
);


ALTER TABLE public."AspNetUserRoles" OWNER TO easuidb;

--
-- TOC entry 224 (class 1259 OID 16468)
-- Name: AspNetUserTokens; Type: TABLE; Schema: public; Owner: easuidb
--

CREATE TABLE public."AspNetUserTokens" (
    "UserId" uuid NOT NULL,
    "LoginProvider" text NOT NULL,
    "Name" text NOT NULL,
    "Value" text
);


ALTER TABLE public."AspNetUserTokens" OWNER TO easuidb;

--
-- TOC entry 217 (class 1259 OID 16408)
-- Name: AspNetUsers; Type: TABLE; Schema: public; Owner: easuidb
--

CREATE TABLE public."AspNetUsers" (
    "Id" uuid NOT NULL,
    "FullName" text,
    "UserName" character varying(256),
    "NormalizedUserName" character varying(256),
    "Email" character varying(256),
    "NormalizedEmail" character varying(256),
    "EmailConfirmed" boolean NOT NULL,
    "PasswordHash" text,
    "SecurityStamp" text,
    "ConcurrencyStamp" text,
    "PhoneNumber" text,
    "PhoneNumberConfirmed" boolean NOT NULL,
    "TwoFactorEnabled" boolean NOT NULL,
    "LockoutEnd" timestamp with time zone,
    "LockoutEnabled" boolean NOT NULL,
    "AccessFailedCount" integer NOT NULL,
    "Avatar" text,
    "CreatedAt" timestamp with time zone DEFAULT '-infinity'::timestamp with time zone NOT NULL,
    "IsActive" boolean DEFAULT false NOT NULL,
    "FollowersCount" integer DEFAULT 0 NOT NULL,
    "FollowingCount" integer DEFAULT 0 NOT NULL,
    "Bio" text,
    "Education" text,
    "Location" text,
    "Website" text,
    "WorkDisplayEmail" text,
    "WorkHistory" text
);


ALTER TABLE public."AspNetUsers" OWNER TO easuidb;

--
-- TOC entry 232 (class 1259 OID 16624)
-- Name: Carts; Type: TABLE; Schema: public; Owner: easuidb
--

CREATE TABLE public."Carts" (
    "Id" uuid NOT NULL,
    "UserId" uuid NOT NULL,
    "UIComponentId" uuid NOT NULL,
    "Price" numeric NOT NULL,
    "Quantity" integer NOT NULL,
    "CreatedAt" timestamp with time zone NOT NULL,
    "UpdatedAt" timestamp with time zone,
    "IsActive" boolean NOT NULL,
    "ApplicationUserId" uuid
);


ALTER TABLE public."Carts" OWNER TO easuidb;

--
-- TOC entry 225 (class 1259 OID 16480)
-- Name: Categories; Type: TABLE; Schema: public; Owner: easuidb
--

CREATE TABLE public."Categories" (
    "Id" uuid NOT NULL,
    "Name" text NOT NULL,
    "Description" text,
    "CreatedAt" timestamp with time zone NOT NULL,
    "CreatedBy" uuid,
    "UpdatedAt" timestamp with time zone,
    "UpdatedBy" uuid,
    "IsActive" boolean NOT NULL
);


ALTER TABLE public."Categories" OWNER TO easuidb;

--
-- TOC entry 228 (class 1259 OID 16531)
-- Name: Comments; Type: TABLE; Schema: public; Owner: easuidb
--

CREATE TABLE public."Comments" (
    "Id" uuid NOT NULL,
    "Content" text NOT NULL,
    "ComponentId" uuid NOT NULL,
    "ApplicationUserId" uuid,
    "CreatedAt" timestamp with time zone NOT NULL,
    "CreatedBy" uuid,
    "UpdatedAt" timestamp with time zone,
    "UpdatedBy" uuid,
    "IsActive" boolean NOT NULL
);


ALTER TABLE public."Comments" OWNER TO easuidb;

--
-- TOC entry 229 (class 1259 OID 16558)
-- Name: ComponentCategories; Type: TABLE; Schema: public; Owner: easuidb
--

CREATE TABLE public."ComponentCategories" (
    "CategoriesId" uuid NOT NULL,
    "ComponentsId" uuid NOT NULL
);


ALTER TABLE public."ComponentCategories" OWNER TO easuidb;

--
-- TOC entry 237 (class 1259 OID 16748)
-- Name: ComponentLikes; Type: TABLE; Schema: public; Owner: easuidb
--

CREATE TABLE public."ComponentLikes" (
    "UserId" uuid NOT NULL,
    "UIComponentId" uuid NOT NULL,
    "LikedAt" timestamp with time zone NOT NULL
);


ALTER TABLE public."ComponentLikes" OWNER TO easuidb;

--
-- TOC entry 230 (class 1259 OID 16573)
-- Name: ComponentTags; Type: TABLE; Schema: public; Owner: easuidb
--

CREATE TABLE public."ComponentTags" (
    "ComponentsId" uuid NOT NULL,
    "TagsId" uuid NOT NULL
);


ALTER TABLE public."ComponentTags" OWNER TO easuidb;

--
-- TOC entry 235 (class 1259 OID 16690)
-- Name: OrderItems; Type: TABLE; Schema: public; Owner: easuidb
--

CREATE TABLE public."OrderItems" (
    "Id" uuid NOT NULL,
    "OrderId" uuid NOT NULL,
    "UIComponentId" uuid NOT NULL,
    "Price" numeric NOT NULL,
    "Quantity" integer NOT NULL,
    "Subtotal" numeric NOT NULL,
    "CreatedAt" timestamp with time zone NOT NULL,
    "CreatedBy" uuid,
    "UpdatedAt" timestamp with time zone,
    "UpdatedBy" uuid,
    "IsActive" boolean NOT NULL
);


ALTER TABLE public."OrderItems" OWNER TO easuidb;

--
-- TOC entry 234 (class 1259 OID 16668)
-- Name: Orders; Type: TABLE; Schema: public; Owner: easuidb
--

CREATE TABLE public."Orders" (
    "Id" uuid NOT NULL,
    "UserId" uuid NOT NULL,
    "TotalAmount" numeric NOT NULL,
    "Status" text NOT NULL,
    "PaymentMethod" text,
    "PaymentStatus" text,
    "TransactionId" text,
    "PaidAt" timestamp with time zone,
    "CreatorId" uuid,
    "UpdaterId" uuid,
    "CreatedAt" timestamp with time zone NOT NULL,
    "CreatedBy" uuid,
    "UpdatedAt" timestamp with time zone,
    "UpdatedBy" uuid,
    "IsActive" boolean NOT NULL,
    "PaymentOrderId" text,
    "PaymentProvider" text,
    "PaymentRequestId" text
);


ALTER TABLE public."Orders" OWNER TO easuidb;

--
-- TOC entry 236 (class 1259 OID 16707)
-- Name: Payments; Type: TABLE; Schema: public; Owner: easuidb
--

CREATE TABLE public."Payments" (
    "Id" uuid NOT NULL,
    "OrderId" uuid NOT NULL,
    "Provider" text NOT NULL,
    "Amount" numeric NOT NULL,
    "Status" text NOT NULL,
    "TransactionId" text,
    "PaymentUrl" text,
    "PaidAt" timestamp with time zone,
    "ResponseData" text,
    "CreatedAt" timestamp with time zone NOT NULL,
    "CreatedBy" uuid,
    "UpdatedAt" timestamp with time zone,
    "UpdatedBy" uuid,
    "IsActive" boolean NOT NULL
);


ALTER TABLE public."Payments" OWNER TO easuidb;

--
-- TOC entry 240 (class 1259 OID 24621)
-- Name: RefreshTokens; Type: TABLE; Schema: public; Owner: easuidb
--

CREATE TABLE public."RefreshTokens" (
    "Id" uuid NOT NULL,
    "Token" text NOT NULL,
    "ExpiryTime" timestamp with time zone NOT NULL,
    "CreatedAt" timestamp with time zone NOT NULL,
    "IsRevoked" boolean NOT NULL,
    "IsUsed" boolean NOT NULL,
    "JwtId" text NOT NULL,
    "UserId" uuid NOT NULL
);


ALTER TABLE public."RefreshTokens" OWNER TO easuidb;

--
-- TOC entry 231 (class 1259 OID 16588)
-- Name: SavedComponents; Type: TABLE; Schema: public; Owner: easuidb
--

CREATE TABLE public."SavedComponents" (
    "SavedByUsersId" uuid NOT NULL,
    "SavedComponentsId" uuid NOT NULL
);


ALTER TABLE public."SavedComponents" OWNER TO easuidb;

--
-- TOC entry 226 (class 1259 OID 16497)
-- Name: Tags; Type: TABLE; Schema: public; Owner: easuidb
--

CREATE TABLE public."Tags" (
    "Id" uuid NOT NULL,
    "Name" text NOT NULL,
    "CreatedAt" timestamp with time zone NOT NULL,
    "CreatedBy" uuid,
    "UpdatedAt" timestamp with time zone,
    "UpdatedBy" uuid,
    "IsActive" boolean NOT NULL
);


ALTER TABLE public."Tags" OWNER TO easuidb;

--
-- TOC entry 227 (class 1259 OID 16514)
-- Name: UIComponents; Type: TABLE; Schema: public; Owner: easuidb
--

CREATE TABLE public."UIComponents" (
    "Id" uuid NOT NULL,
    "Name" text NOT NULL,
    "Description" text,
    "PreviewUrl" text,
    "Type" text,
    "Framework" text,
    "CreatedAt" timestamp with time zone NOT NULL,
    "CreatedBy" uuid,
    "UpdatedAt" timestamp with time zone,
    "UpdatedBy" uuid,
    "IsActive" boolean NOT NULL,
    "Css" text,
    "Html" text,
    "Js" text,
    "DiscountPrice" numeric,
    "Price" numeric DEFAULT 0.0 NOT NULL,
    "LikesCount" integer DEFAULT 0 NOT NULL,
    "Views" integer DEFAULT 0 NOT NULL
);


ALTER TABLE public."UIComponents" OWNER TO easuidb;

--
-- TOC entry 238 (class 1259 OID 24592)
-- Name: UserFollows; Type: TABLE; Schema: public; Owner: easuidb
--

CREATE TABLE public."UserFollows" (
    "FollowerId" uuid NOT NULL,
    "FollowedId" uuid NOT NULL,
    "FollowedAt" timestamp with time zone NOT NULL
);


ALTER TABLE public."UserFollows" OWNER TO easuidb;

--
-- TOC entry 215 (class 1259 OID 16396)
-- Name: __EFMigrationsHistory; Type: TABLE; Schema: public; Owner: easuidb
--

CREATE TABLE public."__EFMigrationsHistory" (
    "MigrationId" character varying(150) NOT NULL,
    "ProductVersion" character varying(32) NOT NULL
);


ALTER TABLE public."__EFMigrationsHistory" OWNER TO easuidb;

--
-- TOC entry 3590 (class 0 OID 16649)
-- Dependencies: 233
-- Data for Name: AboutUs; Type: TABLE DATA; Schema: public; Owner: easuidb
--

COPY public."AboutUs" ("Id", "Title", "Content", "ImageUrl", "Email", "Phone", "Address", "CreatorId", "UpdaterId", "CreatedAt", "CreatedBy", "UpdatedAt", "UpdatedBy", "IsActive") FROM stdin;
cf99a786-549f-4410-8546-187af34f45d9	tôi	tôi là ai đây là đâu	string	tieee@gmail.com	string	string	\N	\N	2025-05-07 15:53:21.760756+00	ba123259-d5cf-43dd-bbfc-ea3dabaaab7c	\N	\N	t
\.


--
-- TOC entry 3596 (class 0 OID 24608)
-- Dependencies: 239
-- Data for Name: Articles; Type: TABLE DATA; Schema: public; Owner: easuidb
--

COPY public."Articles" ("Id", "Title", "ShortDescription", "Description", "Content", "PublishedAt", "AuthorId", "ImageUrl", "ViewCount", "CreatedAt", "CreatedBy", "UpdatedAt", "UpdatedBy", "IsActive") FROM stdin;
49f47c69-382a-40d7-9e3a-8cb8351bf614	string	string	string	string	2025-05-07 15:53:35.495+00	ba123259-d5cf-43dd-bbfc-ea3dabaaab7c	string	0	2025-05-07 15:53:40.27705+00	\N	\N	\N	t
000e9a2e-18f9-4d33-b88c-5c082ea4fc29	tiến nè1	haha baka	string ô hay hỉ	tiến ko biết	2025-05-07 16:11:13.697+00	ba123259-d5cf-43dd-bbfc-ea3dabaaab7c	string	1	2025-05-07 16:08:36.124291+00	\N	2025-05-07 16:13:18.956231+00	ba123259-d5cf-43dd-bbfc-ea3dabaaab7c	f
c496334f-e59e-487d-89f5-62b178348f5d	string	string	string	string	2025-05-07 16:31:07.226+00	ba123259-d5cf-43dd-bbfc-ea3dabaaab7c	string	12	2025-05-07 16:31:08.806832+00	\N	\N	\N	t
\.


--
-- TOC entry 3576 (class 0 OID 16416)
-- Dependencies: 219
-- Data for Name: AspNetRoleClaims; Type: TABLE DATA; Schema: public; Owner: easuidb
--

COPY public."AspNetRoleClaims" ("Id", "RoleId", "ClaimType", "ClaimValue") FROM stdin;
\.


--
-- TOC entry 3573 (class 0 OID 16401)
-- Dependencies: 216
-- Data for Name: AspNetRoles; Type: TABLE DATA; Schema: public; Owner: easuidb
--

COPY public."AspNetRoles" ("Id", "Description", "Name", "NormalizedName", "ConcurrencyStamp") FROM stdin;
a8a1c77c-bae8-4759-892c-7942bd958839	\N	Admin	ADMIN	\N
85abf3c9-a582-4d65-b9b1-5ac787836590	\N	Creator	CREATOR	\N
\.


--
-- TOC entry 3578 (class 0 OID 16429)
-- Dependencies: 221
-- Data for Name: AspNetUserClaims; Type: TABLE DATA; Schema: public; Owner: easuidb
--

COPY public."AspNetUserClaims" ("Id", "UserId", "ClaimType", "ClaimValue") FROM stdin;
\.


--
-- TOC entry 3579 (class 0 OID 16441)
-- Dependencies: 222
-- Data for Name: AspNetUserLogins; Type: TABLE DATA; Schema: public; Owner: easuidb
--

COPY public."AspNetUserLogins" ("LoginProvider", "ProviderKey", "ProviderDisplayName", "UserId") FROM stdin;
\.


--
-- TOC entry 3580 (class 0 OID 16453)
-- Dependencies: 223
-- Data for Name: AspNetUserRoles; Type: TABLE DATA; Schema: public; Owner: easuidb
--

COPY public."AspNetUserRoles" ("UserId", "RoleId") FROM stdin;
1281247a-d22e-490a-a631-d2ad9f3d22c0	a8a1c77c-bae8-4759-892c-7942bd958839
\.


--
-- TOC entry 3581 (class 0 OID 16468)
-- Dependencies: 224
-- Data for Name: AspNetUserTokens; Type: TABLE DATA; Schema: public; Owner: easuidb
--

COPY public."AspNetUserTokens" ("UserId", "LoginProvider", "Name", "Value") FROM stdin;
\.


--
-- TOC entry 3574 (class 0 OID 16408)
-- Dependencies: 217
-- Data for Name: AspNetUsers; Type: TABLE DATA; Schema: public; Owner: easuidb
--

COPY public."AspNetUsers" ("Id", "FullName", "UserName", "NormalizedUserName", "Email", "NormalizedEmail", "EmailConfirmed", "PasswordHash", "SecurityStamp", "ConcurrencyStamp", "PhoneNumber", "PhoneNumberConfirmed", "TwoFactorEnabled", "LockoutEnd", "LockoutEnabled", "AccessFailedCount", "Avatar", "CreatedAt", "IsActive", "FollowersCount", "FollowingCount", "Bio", "Education", "Location", "Website", "WorkDisplayEmail", "WorkHistory") FROM stdin;
1281247a-d22e-490a-a631-d2ad9f3d22c0	\N	admin	ADMIN	admin@example.com	ADMIN@EXAMPLE.COM	t	AQAAAAIAAYagAAAAEOz7dnbliE8KPryLsc8bMxjpmPK54VQy5LfSN0MTRrjlHkzFRW6oW3IVR2AJ2e0NZQ==	XDNSO7Q2M3WSZY4JM4DTKBUP3EJFVUIT	3b7f50f7-f625-4839-810b-c4beef2b246f	\N	f	f	\N	t	0	\N	2025-04-27 17:36:15.9672+00	t	0	0	\N	\N	\N	\N	\N	\N
eadc7a90-5637-4ecb-b562-fd0fdf051968	string	tien	TIEN	test@gmail.com	TEST@GMAIL.COM	f	AQAAAAIAAYagAAAAEHuB6P/RiSz6WDCZvdz+hBZ0QnBdTUF9ipjrrELa/3brLe/Ep+Yqy0N3C0SlVKLkbw==	6GBKP5ODWEWIHQBKL7EU7FMBB6A4S5XD	20c27f93-cc7c-41bc-b7e5-9c470cd48070	\N	f	f	\N	t	0	string	2025-04-27 17:37:01.970729+00	t	1	0	\N	\N	\N	\N	\N	\N
fa746930-6f64-4a17-9511-2c68f3e121f4	Pham Duc Tien	tienne	TIENNE	tientiengviet@gmail.com	TIENTIENGVIET@GMAIL.COM	t	AQAAAAIAAYagAAAAEIEZ5Dn4vqMLE0B06Yx3PrNdHZW2FS7lZtZEaPC2ZzhkFHjtot9E1kOJDWfvSt7/LA==	RNU6DSFRE25RQ5WTVZMZA2HRPTV54PW4	8c9d06ba-e12b-40cb-ada4-dc6451273874	0987654321	f	f	\N	t	0	string	2025-05-05 06:53:11.458731+00	t	0	1	toi mới tạo acc	[{"Institution":"Open U","Degree":"IT","Field":"Computer Science","StartYear":"2020","EndYear":"2024","Description":"master"}]	VIET NAM	https://facebook.com	tientiengviet@gmail.com	[{"Title":"Full Stack Development","Company":"Bluesky Tech","YearStart":"2023","YearEnd":"2024","Description":"FullStack"}]
d261ba15-de05-4a31-83e3-52279343f627	e	e@gmail.com	E@GMAIL.COM	e@gmail.com	E@GMAIL.COM	f	AQAAAAIAAYagAAAAEO54tDKfZZtWZPAKUeDE4Shm7KL1g9J3PtXIdveeO8ub9IfMu/34526Kv+MoR6ffYw==	IXT2W2QO2RFPCFA2UJDV3KZMDYKMEXQU	7e161522-683e-4bf1-8ce0-72a19063b823	\N	f	f	\N	t	0		2025-05-07 01:28:19.7635+00	t	0	0	\N	\N	\N	\N	\N	\N
cdbb9172-6306-4db6-a8c2-fd1d3ae7a346	ccccccccc	mokets@s.sellpia247.com	MOKETS@S.SELLPIA247.COM	mokets@s.sellpia247.com	MOKETS@S.SELLPIA247.COM	f	AQAAAAIAAYagAAAAECCuS1u0GLpR+KXAyHR9o6jUAbxCdEphzUCLiq+FSdinZ+aDlmZ0y9LoP+DlzZZYIQ==	EMZL4YJH7P5NRWPS4ZI2A5NIYBLKFFSQ	3d28fecb-a817-4f3b-94d1-eaf6a3e1ce89	\N	f	f	\N	t	0		2025-05-05 17:58:17.203983+00	t	0	1	\N	\N	\N	\N	\N	\N
4749eb72-f6a7-45cc-930c-e92dcb8c82fd	tiến phạm	phamductien041202	PHAMDUCTIEN041202	phamductien041202@gmail.com	PHAMDUCTIEN041202@GMAIL.COM	t	\N	UMCDABXN5D3VUXHJH4WHRF6FAMUIYXPJ	4f278e23-7d1f-4162-a6ce-fdddfe007861	\N	f	f	\N	t	0	https://lh3.googleusercontent.com/a/ACg8ocKTgtkcQwe-3jfBsKY9cBQfja71A3z2lIfzMoBKFr-aPhNMeQ=s96-c	2025-05-08 15:57:05.005364+00	t	0	0	\N	\N	\N	\N	\N	\N
0db6200d-e645-4893-bc3b-db0e2a7dd9ce	string	string	STRING	aycntmoksmokets@s.sellpia247.com	AYCNTMOKSMOKETS@S.SELLPIA247.COM	t	AQAAAAIAAYagAAAAEFH6D4dz4ELr/uDyHGb8/E3gwNH6MoAQJYkwSdrXNgHH1m8o3AcCaYyRHrSMIL5ixQ==	O6ZN6USSG4WSYOLP2KNHUIH67X5QTI46	532d73eb-5b34-48a0-aeef-10f793cbfc57	\N	f	f	\N	t	0	string	2025-05-05 16:52:38.929778+00	t	0	1	\N	\N	\N	\N	\N	\N
5b2215d1-ac32-4110-8238-2e59b55b36a1	Tien Pham	tienbanket	TIENBANKET	tienbanket@gmail.com	TIENBANKET@GMAIL.COM	t	\N	WCMFEDS6FDETYNAPBHQB6ZMEW2N6IVEU	b2e59ea7-edff-49f8-b253-053bc69e7af6	\N	f	f	\N	t	0	https://lh3.googleusercontent.com/a/ACg8ocLGXOn89cfLflB6g69u6SLncptmEnnlPkKGt2GPeZgeBcE5Q2s=s96-c	2025-05-08 17:36:11.867017+00	t	0	1	\N	\N	\N	\N	\N	\N
ba123259-d5cf-43dd-bbfc-ea3dabaaab7c	tienhayh	chien	CHIEN	test1@gmail.com	TEST1@GMAIL.COM	f	AQAAAAIAAYagAAAAEK+i0BLWItckvEbAN/EKqV3R9+R/6vbTNPq9kU04z5vn6oPFmcn4pCeUEB23CLKtUQ==	BEF2BJCZCRM6ZTRFKKQG4KBX5HIT2AHV	771bd6b1-9907-489f-bcc8-140b710bac53	0987654321	f	f	\N	t	0	string	2025-04-28 06:45:21.44714+00	t	4	1	UI degign dev	[{"Institution":"cbv","Degree":"www","Field":"wwww","StartYear":"2000","EndYear":"2001","Description":"string"}]	vietnam	https://fullstack.edu.vn/	tientiengviet@gmail.com	[{"Title":"design UI","Company":"cccccc","YearStart":"2002","YearEnd":"2005","Description":"string1111111\\u0111wdwdwd"}]
\.


--
-- TOC entry 3589 (class 0 OID 16624)
-- Dependencies: 232
-- Data for Name: Carts; Type: TABLE DATA; Schema: public; Owner: easuidb
--

COPY public."Carts" ("Id", "UserId", "UIComponentId", "Price", "Quantity", "CreatedAt", "UpdatedAt", "IsActive", "ApplicationUserId") FROM stdin;
d88b5553-5c70-44de-ae50-5d0760623277	ba123259-d5cf-43dd-bbfc-ea3dabaaab7c	16b3506a-d52c-4f47-86d8-4a3824519b09	1	1	2025-04-28 06:46:15.621651+00	2025-05-03 16:17:05.865007+00	f	\N
32d00bb6-887b-4a19-8064-7bc2950f6147	ba123259-d5cf-43dd-bbfc-ea3dabaaab7c	16b3506a-d52c-4f47-86d8-4a3824519b09	1	1	2025-05-03 16:23:55.299665+00	\N	t	\N
a74aad60-1b8b-4c3a-bd64-1de30f4cd3e9	0db6200d-e645-4893-bc3b-db0e2a7dd9ce	16b3506a-d52c-4f47-86d8-4a3824519b09	1	1	2025-05-05 17:19:53.897547+00	\N	f	\N
8df548ba-1cad-42a3-978b-e17ca960f32c	d261ba15-de05-4a31-83e3-52279343f627	16b3506a-d52c-4f47-86d8-4a3824519b09	1	1	2025-05-07 01:46:34.913257+00	\N	t	\N
\.


--
-- TOC entry 3582 (class 0 OID 16480)
-- Dependencies: 225
-- Data for Name: Categories; Type: TABLE DATA; Schema: public; Owner: easuidb
--

COPY public."Categories" ("Id", "Name", "Description", "CreatedAt", "CreatedBy", "UpdatedAt", "UpdatedBy", "IsActive") FROM stdin;
04dadcb4-0f0c-4e3e-b081-7483e2f21cc8	Buttons	All types of buttons	2025-04-27 17:36:20.5994+00	\N	\N	\N	t
c3e64979-260a-4287-b43d-a6057d5e3b34	Navigation	Navigation components	2025-04-27 17:36:20.599603+00	\N	\N	\N	t
d528ad70-3cce-4d42-a0b0-37575d851a55	Forms	Form components and layouts	2025-04-27 17:36:20.599603+00	\N	\N	\N	t
\.


--
-- TOC entry 3585 (class 0 OID 16531)
-- Dependencies: 228
-- Data for Name: Comments; Type: TABLE DATA; Schema: public; Owner: easuidb
--

COPY public."Comments" ("Id", "Content", "ComponentId", "ApplicationUserId", "CreatedAt", "CreatedBy", "UpdatedAt", "UpdatedBy", "IsActive") FROM stdin;
3de940f1-e5ed-405c-990f-ef338b2aef8d	tiến vip bro	1b173bb1-234f-43b9-9431-14b767f206f3	\N	2025-04-28 06:44:04.878492+00	eadc7a90-5637-4ecb-b562-fd0fdf051968	\N	\N	t
28d74723-3468-4a0f-b317-33cc5863ff5b	tien dep trai so 1	1b173bb1-234f-43b9-9431-14b767f206f3	\N	2025-04-27 18:12:13.650044+00	eadc7a90-5637-4ecb-b562-fd0fdf051968	\N	\N	f
9b4f8112-e592-4573-8f43-dcf5f6847e63	hhhhh	1b173bb1-234f-43b9-9431-14b767f206f3	\N	2025-05-01 18:02:00.132595+00	ba123259-d5cf-43dd-bbfc-ea3dabaaab7c	\N	\N	t
cb32ab6b-7b07-464d-9990-2d9c2a3936ca	chán m thật AI ạ	1b173bb1-234f-43b9-9431-14b767f206f3	\N	2025-05-01 18:11:42.870122+00	ba123259-d5cf-43dd-bbfc-ea3dabaaab7c	\N	\N	t
503042a1-3d9b-4900-83e8-93fa41aa1644	hilo	1b173bb1-234f-43b9-9431-14b767f206f3	\N	2025-05-02 15:29:28.82422+00	ba123259-d5cf-43dd-bbfc-ea3dabaaab7c	\N	\N	t
a1c52ba6-7add-4560-8659-106074bdc64a	hay	1b173bb1-234f-43b9-9431-14b767f206f3	\N	2025-05-02 15:41:42.522502+00	ba123259-d5cf-43dd-bbfc-ea3dabaaab7c	\N	\N	t
f838cfbb-f51d-4463-88af-c92b5eea67d6	xạo\n	1b173bb1-234f-43b9-9431-14b767f206f3	\N	2025-05-02 15:52:54.789906+00	ba123259-d5cf-43dd-bbfc-ea3dabaaab7c	\N	\N	t
15c11b51-e6c5-4c2e-b96e-ed44bba85491	chien nè xóa không được đâu	1b173bb1-234f-43b9-9431-14b767f206f3	\N	2025-04-28 06:45:54.977697+00	ba123259-d5cf-43dd-bbfc-ea3dabaaab7c	\N	\N	f
626915dc-b8f3-4961-8965-4003b1e6cfb0	hello login này hacker quá	ae3aba00-da75-48a8-b227-e5f4538959d5	\N	2025-05-02 17:16:37.517612+00	ba123259-d5cf-43dd-bbfc-ea3dabaaab7c	\N	\N	t
4cbaf6fe-f6d5-4f59-a610-06aae42c51a1	tiến nè\n	3f8e0bd5-573d-4438-9a64-4364cae1a669	\N	2025-05-03 15:45:34.13778+00	ba123259-d5cf-43dd-bbfc-ea3dabaaab7c	\N	\N	f
f8627df5-2c1f-461d-b9a7-c1311dcbe83a	lô\n	3f8e0bd5-573d-4438-9a64-4364cae1a669	\N	2025-05-03 15:49:30.901137+00	ba123259-d5cf-43dd-bbfc-ea3dabaaab7c	\N	\N	f
df0b9690-b131-4b72-902a-5af4226a55b5	hi	3f8e0bd5-573d-4438-9a64-4364cae1a669	\N	2025-05-03 15:50:01.703333+00	ba123259-d5cf-43dd-bbfc-ea3dabaaab7c	\N	\N	f
1607719c-6e25-43b7-ba72-e2a7575249e0	má nó cay:))	3f8e0bd5-573d-4438-9a64-4364cae1a669	\N	2025-05-04 17:26:52.73914+00	ba123259-d5cf-43dd-bbfc-ea3dabaaab7c	\N	\N	t
3944fa8a-2b52-4e57-8af0-54508885978a	chiến tới	3f8e0bd5-573d-4438-9a64-4364cae1a669	\N	2025-05-04 17:28:21.360558+00	ba123259-d5cf-43dd-bbfc-ea3dabaaab7c	\N	\N	t
7ada0c00-bc32-4b68-accb-f5b0a8986269	hi no	3f8e0bd5-573d-4438-9a64-4364cae1a669	\N	2025-05-04 17:27:33.586773+00	ba123259-d5cf-43dd-bbfc-ea3dabaaab7c	\N	\N	f
a05d160a-851f-48ba-9b3b-fa389c7512e4	nó phải thế chứ hahah	ae3aba00-da75-48a8-b227-e5f4538959d5	\N	2025-05-06 15:31:24.511271+00	fa746930-6f64-4a17-9511-2c68f3e121f4	\N	\N	t
12c6ae70-2de8-44a5-9795-26bcf0e94c5f	giàu	ae3aba00-da75-48a8-b227-e5f4538959d5	\N	2025-05-08 17:36:33.181353+00	5b2215d1-ac32-4110-8238-2e59b55b36a1	\N	\N	t
\.


--
-- TOC entry 3586 (class 0 OID 16558)
-- Dependencies: 229
-- Data for Name: ComponentCategories; Type: TABLE DATA; Schema: public; Owner: easuidb
--

COPY public."ComponentCategories" ("CategoriesId", "ComponentsId") FROM stdin;
04dadcb4-0f0c-4e3e-b081-7483e2f21cc8	79364276-9451-45cc-88cc-cccae34ee204
d528ad70-3cce-4d42-a0b0-37575d851a55	16b3506a-d52c-4f47-86d8-4a3824519b09
d528ad70-3cce-4d42-a0b0-37575d851a55	1b173bb1-234f-43b9-9431-14b767f206f3
d528ad70-3cce-4d42-a0b0-37575d851a55	ae3aba00-da75-48a8-b227-e5f4538959d5
04dadcb4-0f0c-4e3e-b081-7483e2f21cc8	edf07780-d8c1-4e03-9e0b-f1b0411b73d2
04dadcb4-0f0c-4e3e-b081-7483e2f21cc8	1b21c82b-71ed-47dc-be21-74f17ee67e13
04dadcb4-0f0c-4e3e-b081-7483e2f21cc8	8aa10ed5-00e7-46bb-8251-7c2a0aecae09
04dadcb4-0f0c-4e3e-b081-7483e2f21cc8	1d5729d2-ac4c-4993-92cc-664e0dd488fd
04dadcb4-0f0c-4e3e-b081-7483e2f21cc8	41984322-f35b-4bde-bbde-a243220120a2
04dadcb4-0f0c-4e3e-b081-7483e2f21cc8	7554b8fe-e860-4338-8376-c8033cd662ec
04dadcb4-0f0c-4e3e-b081-7483e2f21cc8	47850dd1-c80a-4147-b7e6-4c74e3739465
04dadcb4-0f0c-4e3e-b081-7483e2f21cc8	d1dc3e09-c5c2-4faf-b47e-84f72940dc60
04dadcb4-0f0c-4e3e-b081-7483e2f21cc8	4e87c81e-4f02-4be6-b51a-15a9f87f8578
04dadcb4-0f0c-4e3e-b081-7483e2f21cc8	c7a99c79-e0da-4293-9e20-6fa88f9c0002
d528ad70-3cce-4d42-a0b0-37575d851a55	cb800b32-2d09-40a2-8913-c13f124d05b4
d528ad70-3cce-4d42-a0b0-37575d851a55	63f8a47a-3de3-418f-9018-a34be764e5b8
04dadcb4-0f0c-4e3e-b081-7483e2f21cc8	51400d7e-8880-40e5-a82a-6335cc058a83
04dadcb4-0f0c-4e3e-b081-7483e2f21cc8	8844cdba-45be-4eef-813f-eef79b8657ef
04dadcb4-0f0c-4e3e-b081-7483e2f21cc8	bb46e354-7952-48d4-a593-a8e02b6df37e
04dadcb4-0f0c-4e3e-b081-7483e2f21cc8	d90cee8b-0620-4008-a6ff-8220eb9fe2e4
04dadcb4-0f0c-4e3e-b081-7483e2f21cc8	ffe57629-57b1-4715-b42b-1c249e5aa3fc
d528ad70-3cce-4d42-a0b0-37575d851a55	3f8e0bd5-573d-4438-9a64-4364cae1a669
\.


--
-- TOC entry 3594 (class 0 OID 16748)
-- Dependencies: 237
-- Data for Name: ComponentLikes; Type: TABLE DATA; Schema: public; Owner: easuidb
--

COPY public."ComponentLikes" ("UserId", "UIComponentId", "LikedAt") FROM stdin;
ba123259-d5cf-43dd-bbfc-ea3dabaaab7c	ae3aba00-da75-48a8-b227-e5f4538959d5	2025-05-03 05:47:09.779746+00
ba123259-d5cf-43dd-bbfc-ea3dabaaab7c	b56bf336-7811-4038-9252-9aa9ea23a354	2025-05-03 06:26:02.464355+00
ba123259-d5cf-43dd-bbfc-ea3dabaaab7c	63f8a47a-3de3-418f-9018-a34be764e5b8	2025-05-03 06:29:25.341078+00
ba123259-d5cf-43dd-bbfc-ea3dabaaab7c	4e87c81e-4f02-4be6-b51a-15a9f87f8578	2025-05-03 06:46:02.859416+00
ba123259-d5cf-43dd-bbfc-ea3dabaaab7c	3f8e0bd5-573d-4438-9a64-4364cae1a669	2025-05-03 19:17:49.473855+00
0db6200d-e645-4893-bc3b-db0e2a7dd9ce	16b3506a-d52c-4f47-86d8-4a3824519b09	2025-05-05 17:19:04.486288+00
0db6200d-e645-4893-bc3b-db0e2a7dd9ce	ae3aba00-da75-48a8-b227-e5f4538959d5	2025-05-05 17:19:13.432456+00
fa746930-6f64-4a17-9511-2c68f3e121f4	ae3aba00-da75-48a8-b227-e5f4538959d5	2025-05-06 15:31:12.965587+00
fa746930-6f64-4a17-9511-2c68f3e121f4	3f8e0bd5-573d-4438-9a64-4364cae1a669	2025-05-06 15:32:45.760557+00
4749eb72-f6a7-45cc-930c-e92dcb8c82fd	ae3aba00-da75-48a8-b227-e5f4538959d5	2025-05-08 15:58:17.556969+00
4749eb72-f6a7-45cc-930c-e92dcb8c82fd	3f8e0bd5-573d-4438-9a64-4364cae1a669	2025-05-08 15:58:22.268428+00
4749eb72-f6a7-45cc-930c-e92dcb8c82fd	16b3506a-d52c-4f47-86d8-4a3824519b09	2025-05-08 15:58:32.231106+00
\.


--
-- TOC entry 3587 (class 0 OID 16573)
-- Dependencies: 230
-- Data for Name: ComponentTags; Type: TABLE DATA; Schema: public; Owner: easuidb
--

COPY public."ComponentTags" ("ComponentsId", "TagsId") FROM stdin;
16b3506a-d52c-4f47-86d8-4a3824519b09	9a5d9259-c717-481b-be23-60542ad9396b
1b173bb1-234f-43b9-9431-14b767f206f3	9a5d9259-c717-481b-be23-60542ad9396b
ae3aba00-da75-48a8-b227-e5f4538959d5	9a5d9259-c717-481b-be23-60542ad9396b
ae3aba00-da75-48a8-b227-e5f4538959d5	a25af616-7a48-40bf-8eea-ab98dda25cf4
\.


--
-- TOC entry 3592 (class 0 OID 16690)
-- Dependencies: 235
-- Data for Name: OrderItems; Type: TABLE DATA; Schema: public; Owner: easuidb
--

COPY public."OrderItems" ("Id", "OrderId", "UIComponentId", "Price", "Quantity", "Subtotal", "CreatedAt", "CreatedBy", "UpdatedAt", "UpdatedBy", "IsActive") FROM stdin;
cd80a040-4d60-4fd1-9a0e-c7a129e2b9a6	b4afc29e-b47e-45b8-a334-9be99a5473a4	16b3506a-d52c-4f47-86d8-4a3824519b09	1	1	1	2025-05-05 17:19:59.6967+00	\N	\N	\N	t
\.


--
-- TOC entry 3591 (class 0 OID 16668)
-- Dependencies: 234
-- Data for Name: Orders; Type: TABLE DATA; Schema: public; Owner: easuidb
--

COPY public."Orders" ("Id", "UserId", "TotalAmount", "Status", "PaymentMethod", "PaymentStatus", "TransactionId", "PaidAt", "CreatorId", "UpdaterId", "CreatedAt", "CreatedBy", "UpdatedAt", "UpdatedBy", "IsActive", "PaymentOrderId", "PaymentProvider", "PaymentRequestId") FROM stdin;
b4afc29e-b47e-45b8-a334-9be99a5473a4	0db6200d-e645-4893-bc3b-db0e2a7dd9ce	1	Processing	MOMO	Completed	3301540021	2025-05-05 17:20:54.139158+00	\N	\N	2025-05-05 17:19:59.694149+00	0db6200d-e645-4893-bc3b-db0e2a7dd9ce	2025-05-05 17:20:54.139163+00	\N	t	638820624005251781	MoMo	62b025c7-2cc1-430a-b657-6bb1774b3884
\.


--
-- TOC entry 3593 (class 0 OID 16707)
-- Dependencies: 236
-- Data for Name: Payments; Type: TABLE DATA; Schema: public; Owner: easuidb
--

COPY public."Payments" ("Id", "OrderId", "Provider", "Amount", "Status", "TransactionId", "PaymentUrl", "PaidAt", "ResponseData", "CreatedAt", "CreatedBy", "UpdatedAt", "UpdatedBy", "IsActive") FROM stdin;
1268b4ce-f8d7-4fdb-86c8-80ae220f6af3	b4afc29e-b47e-45b8-a334-9be99a5473a4	MoMo	1	Completed	3301540021	https://test-payment.momo.vn/v2/gateway/pay?t=TU9NT0JLVU4yMDE4MDUyOXw2Mzg4MjA2MjQwMDUyNTE3ODE&s=8788145101a0cfd333dfea8b16ba9c36765916f55fc2f168be069c6b69d1f001	2025-05-05 17:20:54.343544+00	{"partnerCode":"MOMOBKUN20180529","orderId":"638820624005251781","requestId":"62b025c7-2cc1-430a-b657-6bb1774b3884","amount":"24500","orderInfo":"Payment for order b4afc29e-b47e-45b8-a334-9be99a5473a4","orderType":"momo_wallet","transId":"3301540021","resultCode":"0","message":"Th\\u00E0nh c\\u00F4ng.","payType":"aio_qr","responseTime":"1746465623601","extraData":"","signature":"bd54e85487c40adf5e0e80860317f4262253aefaaa7fcc53bd2a0dcd218353ee"}	2025-05-05 17:20:01.244243+00	\N	\N	\N	t
\.


--
-- TOC entry 3597 (class 0 OID 24621)
-- Dependencies: 240
-- Data for Name: RefreshTokens; Type: TABLE DATA; Schema: public; Owner: easuidb
--

COPY public."RefreshTokens" ("Id", "Token", "ExpiryTime", "CreatedAt", "IsRevoked", "IsUsed", "JwtId", "UserId") FROM stdin;
5fc8e4aa-1920-47ec-929e-1d52d3713b57	6hCvs/NZgfRFZ/VNnrZk75O9OL5g1rTc76oEH6g3BUo=	2025-05-22 16:37:35.584355+00	2025-05-15 16:37:35.584417+00	t	t	5635087a-de14-4cff-be12-831721874d2e	ba123259-d5cf-43dd-bbfc-ea3dabaaab7c
c43a9e70-f4e4-4df3-be8c-c7ba00d39617	e4qkjT3WBE4ZCfE3o37lZMNWUTm4Kts87nt68rpZGCQ=	2025-05-22 16:40:18.957318+00	2025-05-15 16:40:18.95732+00	t	f	024f2146-b875-4b26-86ae-c8f693985dbc	ba123259-d5cf-43dd-bbfc-ea3dabaaab7c
7f744609-d138-4a0b-92d5-97b68e35b99c	4Bwtxm6S0Rz7alNGPnZERuM52LSoDsMipsi0MQTcgFg=	2025-05-22 16:51:30.54559+00	2025-05-15 16:51:30.545592+00	t	f	f668c7cf-d9a6-40b4-b9a4-2a71e3d19e4a	ba123259-d5cf-43dd-bbfc-ea3dabaaab7c
8efaa10e-ffa1-44f7-aac0-c78a023a3a79	lAUIWJxtQf2TFmQStbaTt897RnCxB2+AfJUHTrqEDg4=	2025-05-22 16:52:35.152054+00	2025-05-15 16:52:35.152055+00	t	f	412e2b54-677f-4675-87f8-4de17f28ccb8	5b2215d1-ac32-4110-8238-2e59b55b36a1
2c58ce7e-d7aa-4f30-8af5-9325f27beda0	4OmSlah022+arToPLtIGPvonxP6SangLMD4sA+lD96c=	2025-05-22 17:02:05.254899+00	2025-05-15 17:02:05.254907+00	t	f	2b7f33d7-33b7-4216-8082-0f961327c379	ba123259-d5cf-43dd-bbfc-ea3dabaaab7c
409b48a3-32d4-479d-88e1-d41fb0b6968d	ox3ch/LR7FvkcsEF6ekHmIagfMnhsr5sGed+yn5OPlk=	2025-05-22 17:03:34.312024+00	2025-05-15 17:03:34.312025+00	f	f	7b25e851-2085-4c23-a59e-d36c14fa3d1a	ba123259-d5cf-43dd-bbfc-ea3dabaaab7c
ee095e16-9be6-46e3-a855-4cf6694bec01	pEAJWk3bqG2Us8r3s9lOLfpeqxJpI3qSeTu3G40g2vs=	2025-05-22 17:08:32.031484+00	2025-05-15 17:08:32.031485+00	f	f	9aa1c78e-ce38-478b-a705-0f5dd3060479	ba123259-d5cf-43dd-bbfc-ea3dabaaab7c
b1adfa80-fe77-45d6-802e-67fe1ee1781c	cWlrqxWH1xhJhixOnZ353sFnEiuaT/EPX5C6xp4kFGI=	2025-05-22 17:29:07.010417+00	2025-05-15 17:29:07.010439+00	f	f	e2802c26-b353-4bbd-a36c-4d59661f495f	fa746930-6f64-4a17-9511-2c68f3e121f4
\.


--
-- TOC entry 3588 (class 0 OID 16588)
-- Dependencies: 231
-- Data for Name: SavedComponents; Type: TABLE DATA; Schema: public; Owner: easuidb
--

COPY public."SavedComponents" ("SavedByUsersId", "SavedComponentsId") FROM stdin;
\.


--
-- TOC entry 3583 (class 0 OID 16497)
-- Dependencies: 226
-- Data for Name: Tags; Type: TABLE DATA; Schema: public; Owner: easuidb
--

COPY public."Tags" ("Id", "Name", "CreatedAt", "CreatedBy", "UpdatedAt", "UpdatedBy", "IsActive") FROM stdin;
8b4dc1cb-14d0-4448-b34b-c90e670fcdbf	tailwind	2025-04-27 17:36:21.009029+00	\N	\N	\N	t
9a5d9259-c717-481b-be23-60542ad9396b	dark-mode	2025-04-27 17:36:21.009029+00	\N	\N	\N	t
a25af616-7a48-40bf-8eea-ab98dda25cf4	responsive	2025-04-27 17:36:21.008947+00	\N	\N	\N	t
\.


--
-- TOC entry 3584 (class 0 OID 16514)
-- Dependencies: 227
-- Data for Name: UIComponents; Type: TABLE DATA; Schema: public; Owner: easuidb
--

COPY public."UIComponents" ("Id", "Name", "Description", "PreviewUrl", "Type", "Framework", "CreatedAt", "CreatedBy", "UpdatedAt", "UpdatedBy", "IsActive", "Css", "Html", "Js", "DiscountPrice", "Price", "LikesCount", "Views") FROM stdin;
16b3506a-d52c-4f47-86d8-4a3824519b09	login hacker	9uytgrfew	\N	component	HTML/CSS/JS	2025-04-27 17:55:31.448431+00	eadc7a90-5637-4ecb-b562-fd0fdf051968	\N	\N	t	\N	aaa	\N	0	1	2	22
ae3aba00-da75-48a8-b227-e5f4538959d5	login hacker	Hacker Login Form\nThe Hacker Login Form is a unique and creative login form designed to resemble a hacker's terminal. Overall, the Hacker Login Form is a fun and engaging login form that can add a unique touch to any website or application.	https://freefrontend.com/assets/img/css-login-forms/2023-hacker-login-form.png	layout	HTML/CSS/JS	2025-05-02 16:26:59.57954+00	ba123259-d5cf-43dd-bbfc-ea3dabaaab7c	\N	\N	t	@import url('https://fonts.googleapis.com/css2?family=Quicksand:wght@300;400;500;600;700&display=swap');\r\n*\r\n{\r\n  margin: 0;\r\n  padding: 0;\r\n  box-sizing: border-box;\r\n  font-family: 'Quicksand', sans-serif;\r\n}\r\nbody \r\n{\r\n  display: flex;\r\n  justify-content: center;\r\n  align-items: center;\r\n  min-height: 100vh;\r\n  background: #000;\r\n}\r\nsection \r\n{\r\n  position: absolute;\r\n  width: 100vw;\r\n  height: 100vh;\r\n  display: flex;\r\n  justify-content: center;\r\n  align-items: center;\r\n  gap: 2px;\r\n  flex-wrap: wrap;\r\n  overflow: hidden;\r\n}\r\nsection::before \r\n{\r\n  content: '';\r\n  position: absolute;\r\n  width: 100%;\r\n  height: 100%;\r\n  background: linear-gradient(#000,#0f0,#000);\r\n  animation: animate 5s linear infinite;\r\n}\r\n@keyframes animate \r\n{\r\n  0%\r\n  {\r\n    transform: translateY(-100%);\r\n  }\r\n  100%\r\n  {\r\n    transform: translateY(100%);\r\n  }\r\n}\r\nsection span \r\n{\r\n  position: relative;\r\n  display: block;\r\n  width: calc(6.25vw - 2px);\r\n  height: calc(6.25vw - 2px);\r\n  background: #181818;\r\n  z-index: 2;\r\n  transition: 1.5s;\r\n}\r\nsection span:hover \r\n{\r\n  background: #0f0;\r\n  transition: 0s;\r\n}\r\n\r\nsection .signin\r\n{\r\n  position: absolute;\r\n  width: 400px;\r\n  background: #222;  \r\n  z-index: 1000;\r\n  display: flex;\r\n  justify-content: center;\r\n  align-items: center;\r\n  padding: 40px;\r\n  border-radius: 4px;\r\n  box-shadow: 0 15px 35px rgba(0,0,0,9);\r\n}\r\nsection .signin .content \r\n{\r\n  position: relative;\r\n  width: 100%;\r\n  display: flex;\r\n  justify-content: center;\r\n  align-items: center;\r\n  flex-direction: column;\r\n  gap: 40px;\r\n}\r\nsection .signin .content h2 \r\n{\r\n  font-size: 2em;\r\n  color: #0f0;\r\n  text-transform: uppercase;\r\n}\r\nsection .signin .content .form \r\n{\r\n  width: 100%;\r\n  display: flex;\r\n  flex-direction: column;\r\n  gap: 25px;\r\n}\r\nsection .signin .content .form .inputBox\r\n{\r\n  position: relative;\r\n  width: 100%;\r\n}\r\nsection .signin .content .form .inputBox input \r\n{\r\n  position: relative;\r\n  width: 100%;\r\n  background: #333;\r\n  border: none;\r\n  outline: none;\r\n  padding: 25px 10px 7.5px;\r\n  border-radius: 4px;\r\n  color: #fff;\r\n  font-weight: 500;\r\n  font-size: 1em;\r\n}\r\nsection .signin .content .form .inputBox i \r\n{\r\n  position: absolute;\r\n  left: 0;\r\n  padding: 15px 10px;\r\n  font-style: normal;\r\n  color: #aaa;\r\n  transition: 0.5s;\r\n  pointer-events: none;\r\n}\r\n.signin .content .form .inputBox input:focus ~ i,\r\n.signin .content .form .inputBox input:valid ~ i\r\n{\r\n  transform: translateY(-7.5px);\r\n  font-size: 0.8em;\r\n  color: #fff;\r\n}\r\n.signin .content .form .links \r\n{\r\n  position: relative;\r\n  width: 100%;\r\n  display: flex;\r\n  justify-content: space-between;\r\n}\r\n.signin .content .form .links a \r\n{\r\n  color: #fff;\r\n  text-decoration: none;\r\n}\r\n.signin .content .form .links a:nth-child(2)\r\n{\r\n  color: #0f0;\r\n  font-weight: 600;\r\n}\r\n.signin .content .form .inputBox input[type="submit"]\r\n{\r\n  padding: 10px;\r\n  background: #0f0;\r\n  color: #000;\r\n  font-weight: 600;\r\n  font-size: 1.35em;\r\n  letter-spacing: 0.05em;\r\n  cursor: pointer;\r\n}\r\ninput[type="submit"]:active\r\n{\r\n  opacity: 0.6;\r\n}\r\n@media (max-width: 900px)\r\n{\r\n  section span \r\n  {\r\n    width: calc(10vw - 2px);\r\n    height: calc(10vw - 2px);\r\n  }\r\n}\r\n@media (max-width: 600px)\r\n{\r\n  section span \r\n  {\r\n    width: calc(20vw - 2px);\r\n    height: calc(20vw - 2px);\r\n  }\r\n}	<!doctype html>\r\n\r\n<html lang="en"> \r\n\r\n <head> \r\n\r\n  <meta charset="UTF-8"> \r\n\r\n  <title>CodePen - Animated Login Form using Html &amp; CSS Only</title> \r\n\r\n  <link rel="stylesheet" href="./style.css"> \r\n\r\n </head> \r\n\r\n <body> <!-- partial:index.partial.html --> \r\n\r\n  <section> <span></span> <span></span> <span></span> <span></span> <span></span> <span></span> <span></span> <span></span> <span></span> <span></span> <span></span> <span></span> <span></span> <span></span> <span></span> <span></span> <span></span> <span></span> <span></span> <span></span> <span></span> <span></span> <span></span> <span></span> <span></span> <span></span> <span></span> <span></span> <span></span> <span></span> <span></span> <span></span> <span></span> <span></span> <span></span> <span></span> <span></span> <span></span> <span></span> <span></span> <span></span> <span></span> <span></span> <span></span> <span></span> <span></span> <span></span> <span></span> <span></span> <span></span> <span></span> <span></span> <span></span> <span></span> <span></span> <span></span> <span></span> <span></span> <span></span> <span></span> <span></span> <span></span> <span></span> <span></span> <span></span> <span></span> <span></span> <span></span> <span></span> <span></span> <span></span> <span></span> <span></span> <span></span> <span></span> <span></span> <span></span> <span></span> <span></span> <span></span> <span></span> <span></span> <span></span> <span></span> <span></span> <span></span> <span></span> <span></span> <span></span> <span></span> <span></span> <span></span> <span></span> <span></span> <span></span> <span></span> <span></span> <span></span> <span></span> <span></span> <span></span> <span></span> <span></span> <span></span> <span></span> <span></span> <span></span> <span></span> <span></span> <span></span> <span></span> <span></span> <span></span> <span></span> <span></span> <span></span> <span></span> <span></span> <span></span> <span></span> <span></span> <span></span> <span></span> <span></span> <span></span> <span></span> <span></span> <span></span> <span></span> <span></span> <span></span> <span></span> <span></span> <span></span> <span></span> <span></span> <span></span> <span></span> <span></span> <span></span> <span></span> <span></span> <span></span> <span></span> <span></span> <span></span> <span></span> <span></span> <span></span> <span></span> <span></span> <span></span> <span></span> <span></span> <span></span> <span></span> <span></span> <span></span> <span></span> <span></span> <span></span> <span></span> <span></span> <span></span> <span></span> <span></span> <span></span> <span></span> <span></span> <span></span> <span></span> <span></span> <span></span> <span></span> <span></span> <span></span> <span></span> <span></span> <span></span> <span></span> <span></span> <span></span> <span></span> <span></span> <span></span> <span></span> <span></span> <span></span> <span></span> <span></span> <span></span> <span></span> <span></span> <span></span> <span></span> <span></span> <span></span> <span></span> <span></span> <span></span> <span></span> <span></span> <span></span> <span></span> <span></span> <span></span> <span></span> <span></span> <span></span> <span></span> <span></span> <span></span> <span></span> <span></span> <span></span> <span></span> <span></span> <span></span> <span></span> <span></span> <span></span> <span></span> <span></span> <span></span> <span></span> <span></span> <span></span> <span></span> <span></span> <span></span> <span></span> <span></span> <span></span> <span></span> <span></span> <span></span> <span></span> <span></span> <span></span> <span></span> <span></span> <span></span> <span></span> <span></span> <span></span> <span></span> <span></span> <span></span> <span></span> <span></span> <span></span> <span></span> <span></span> <span></span> <span></span> <span></span> <span></span> <span></span> <span></span> <span></span> \r\n\r\n   <div class="signin"> \r\n\r\n    <div class="content"> \r\n\r\n     <h2>Sign In</h2> \r\n\r\n     <div class="form"> \r\n\r\n      <div class="inputBox"> \r\n\r\n       <input type="text" required> <i>Username</i> \r\n\r\n      </div> \r\n\r\n      <div class="inputBox"> \r\n\r\n       <input type="password" required> <i>Password</i> \r\n\r\n      </div> \r\n\r\n      <div class="links"> <a href="#">Forgot Password</a> <a href="#">Signup</a> \r\n\r\n      </div> \r\n\r\n      <div class="inputBox"> \r\n\r\n       <input type="submit" value="Login"> \r\n\r\n      </div> \r\n\r\n     </div> \r\n\r\n    </div> \r\n\r\n   </div> \r\n\r\n  </section> <!-- partial --> \r\n\r\n </body>\r\n\r\n</html>	\N	0	0	4	105
8c092718-969e-4e38-96b7-1e18341634a7	Primary Button	A standard button with primary style	https://example.com/button.png	component	HTML/CSS/JS	2025-04-27 17:36:20.195364+00	\N	\N	\N	t	.btn-primary { background-color: blue; color: white; }	<button class="btn-primary">Click me</button>	document.querySelector('.btn-primary').addEventListener('click', function() { alert('Button clicked!'); });	0	0	0	0
b56bf336-7811-4038-9252-9aa9ea23a354	string	string	string	string	string	2025-05-01 06:26:10.242902+00	ba123259-d5cf-43dd-bbfc-ea3dabaaab7c	\N	\N	t	string	string	string	0	0	1	4
1b173bb1-234f-43b9-9431-14b767f206f3	Buttons	fefefefeff	\N	component	HTML/CSS/JS	2025-04-27 18:09:22.308382+00	eadc7a90-5637-4ecb-b562-fd0fdf051968	\N	\N	t	\N	êfe	\N	0	0	0	2
79364276-9451-45cc-88cc-cccae34ee204	tien	\N	\N	\N	\N	2025-04-27 17:41:53.287795+00	eadc7a90-5637-4ecb-b562-fd0fdf051968	\N	\N	t		hello		0	0	0	48
edf07780-d8c1-4e03-9e0b-f1b0411b73d2	fefefe	\N	\N	\N	\N	2025-05-03 06:17:15.932288+00	ba123259-d5cf-43dd-bbfc-ea3dabaaab7c	\N	\N	t		rfr44		0	0	0	0
1b21c82b-71ed-47dc-be21-74f17ee67e13	fefefe	\N	\N	\N	\N	2025-05-03 06:17:19.880017+00	ba123259-d5cf-43dd-bbfc-ea3dabaaab7c	\N	\N	t		rfr44		0	0	0	0
8aa10ed5-00e7-46bb-8251-7c2a0aecae09	fefefe	\N	\N	\N	\N	2025-05-03 06:17:21.45348+00	ba123259-d5cf-43dd-bbfc-ea3dabaaab7c	\N	\N	t		rfr44		0	0	0	0
1d5729d2-ac4c-4993-92cc-664e0dd488fd	fefefe	\N	\N	\N	\N	2025-05-03 06:17:22.663891+00	ba123259-d5cf-43dd-bbfc-ea3dabaaab7c	\N	\N	t		rfr44		0	0	0	0
41984322-f35b-4bde-bbde-a243220120a2	fefefe	\N	\N	\N	\N	2025-05-03 06:17:23.848019+00	ba123259-d5cf-43dd-bbfc-ea3dabaaab7c	\N	\N	t		rfr44		0	0	0	0
7554b8fe-e860-4338-8376-c8033cd662ec	fefefe	\N	\N	\N	\N	2025-05-03 06:17:24.989802+00	ba123259-d5cf-43dd-bbfc-ea3dabaaab7c	\N	\N	t		rfr44		0	0	0	0
47850dd1-c80a-4147-b7e6-4c74e3739465	fefefe	\N	\N	\N	\N	2025-05-03 06:17:26.149584+00	ba123259-d5cf-43dd-bbfc-ea3dabaaab7c	\N	\N	t		rfr44		0	0	0	0
d1dc3e09-c5c2-4faf-b47e-84f72940dc60	fefefe	\N	\N	\N	\N	2025-05-03 06:17:27.281665+00	ba123259-d5cf-43dd-bbfc-ea3dabaaab7c	\N	\N	t		rfr44		0	0	0	0
c7a99c79-e0da-4293-9e20-6fa88f9c0002	fefefe	\N	\N	\N	\N	2025-05-03 06:17:29.351441+00	ba123259-d5cf-43dd-bbfc-ea3dabaaab7c	\N	\N	t		rfr44		0	0	0	0
cb800b32-2d09-40a2-8913-c13f124d05b4	dddđ	\N	\N	\N	\N	2025-05-03 06:19:22.85587+00	ba123259-d5cf-43dd-bbfc-ea3dabaaab7c	\N	\N	t		ddd		0	0	0	0
63f8a47a-3de3-418f-9018-a34be764e5b8	dddđ	\N	\N	\N	\N	2025-05-03 06:19:23.976453+00	ba123259-d5cf-43dd-bbfc-ea3dabaaab7c	\N	\N	t		ddd		0	0	1	4
4e87c81e-4f02-4be6-b51a-15a9f87f8578	fefefe	\N	\N	\N	\N	2025-05-03 06:17:28.369837+00	ba123259-d5cf-43dd-bbfc-ea3dabaaab7c	\N	\N	t		rfr44		0	0	1	0
3f8e0bd5-573d-4438-9a64-4364cae1a669	ssss	\N	\N	\N	\N	2025-05-03 15:45:14.227189+00	ba123259-d5cf-43dd-bbfc-ea3dabaaab7c	\N	\N	t		ssss		0	0	3	39
51400d7e-8880-40e5-a82a-6335cc058a83	eeeeee	\N	\N	\N	\N	2025-05-03 15:03:29.12948+00	ba123259-d5cf-43dd-bbfc-ea3dabaaab7c	\N	\N	t		eeeeeeeee		0	0	0	0
8844cdba-45be-4eef-813f-eef79b8657ef	eeeeee	\N	\N	\N	\N	2025-05-03 15:03:30.716904+00	ba123259-d5cf-43dd-bbfc-ea3dabaaab7c	\N	\N	t		eeeeeeeee		0	0	0	2
d90cee8b-0620-4008-a6ff-8220eb9fe2e4	eeeeee	\N	\N	\N	\N	2025-05-03 15:03:32.858404+00	ba123259-d5cf-43dd-bbfc-ea3dabaaab7c	\N	\N	t		eeeeeeeee		0	0	0	0
ffe57629-57b1-4715-b42b-1c249e5aa3fc	eeeeee	\N	\N	\N	\N	2025-05-03 15:03:33.835209+00	ba123259-d5cf-43dd-bbfc-ea3dabaaab7c	\N	\N	t		eeeeeeeee		0	0	0	0
bb46e354-7952-48d4-a593-a8e02b6df37e	eeeeee	\N	\N	\N	\N	2025-05-03 15:03:31.896406+00	ba123259-d5cf-43dd-bbfc-ea3dabaaab7c	\N	\N	t		eeeeeeeee		0	0	0	2
\.


--
-- TOC entry 3595 (class 0 OID 24592)
-- Dependencies: 238
-- Data for Name: UserFollows; Type: TABLE DATA; Schema: public; Owner: easuidb
--

COPY public."UserFollows" ("FollowerId", "FollowedId", "FollowedAt") FROM stdin;
ba123259-d5cf-43dd-bbfc-ea3dabaaab7c	eadc7a90-5637-4ecb-b562-fd0fdf051968	2025-05-03 19:20:24.036084+00
0db6200d-e645-4893-bc3b-db0e2a7dd9ce	ba123259-d5cf-43dd-bbfc-ea3dabaaab7c	2025-05-05 17:19:20.953091+00
fa746930-6f64-4a17-9511-2c68f3e121f4	ba123259-d5cf-43dd-bbfc-ea3dabaaab7c	2025-05-06 15:31:48.131953+00
cdbb9172-6306-4db6-a8c2-fd1d3ae7a346	ba123259-d5cf-43dd-bbfc-ea3dabaaab7c	2025-05-07 05:25:58.2204+00
5b2215d1-ac32-4110-8238-2e59b55b36a1	ba123259-d5cf-43dd-bbfc-ea3dabaaab7c	2025-05-09 16:34:00.838494+00
\.


--
-- TOC entry 3572 (class 0 OID 16396)
-- Dependencies: 215
-- Data for Name: __EFMigrationsHistory; Type: TABLE DATA; Schema: public; Owner: easuidb
--

COPY public."__EFMigrationsHistory" ("MigrationId", "ProductVersion") FROM stdin;
20250330134919_InitialCreate	8.0.0
20250401150108_TenMigration	8.0.0
20250404120800_AddCartEntity	8.0.0
20250407155512_AddAboutUsTable	8.0.0
20250407163507_AddOrderAndPaymentTables	8.0.0
20250407172927_AddAvatarToUser	8.0.0
20250408170303_AddPaymentFieldsToOrder	8.0.0
20250422165412_AddImageTable	8.0.0
20250427170751_AddDefaultValueForPrice	8.0.0
20250429173431_AddComponentLikes	8.0.0
20250502172700_AddViewsFieldToUIComponent	8.0.0
20250503173624_adduserfollow	8.0.0
20250504191328_updateusser	8.0.0
20250506191214_artical	8.0.0
20250515162531_AddRefreshTokens	8.0.0
\.


--
-- TOC entry 3603 (class 0 OID 0)
-- Dependencies: 218
-- Name: AspNetRoleClaims_Id_seq; Type: SEQUENCE SET; Schema: public; Owner: easuidb
--

SELECT pg_catalog.setval('public."AspNetRoleClaims_Id_seq"', 1, false);


--
-- TOC entry 3604 (class 0 OID 0)
-- Dependencies: 220
-- Name: AspNetUserClaims_Id_seq; Type: SEQUENCE SET; Schema: public; Owner: easuidb
--

SELECT pg_catalog.setval('public."AspNetUserClaims_Id_seq"', 1, false);


--
-- TOC entry 3365 (class 2606 OID 16655)
-- Name: AboutUs PK_AboutUs; Type: CONSTRAINT; Schema: public; Owner: easuidb
--

ALTER TABLE ONLY public."AboutUs"
    ADD CONSTRAINT "PK_AboutUs" PRIMARY KEY ("Id");


--
-- TOC entry 3386 (class 2606 OID 24614)
-- Name: Articles PK_Articles; Type: CONSTRAINT; Schema: public; Owner: easuidb
--

ALTER TABLE ONLY public."Articles"
    ADD CONSTRAINT "PK_Articles" PRIMARY KEY ("Id");


--
-- TOC entry 3318 (class 2606 OID 16422)
-- Name: AspNetRoleClaims PK_AspNetRoleClaims; Type: CONSTRAINT; Schema: public; Owner: easuidb
--

ALTER TABLE ONLY public."AspNetRoleClaims"
    ADD CONSTRAINT "PK_AspNetRoleClaims" PRIMARY KEY ("Id");


--
-- TOC entry 3310 (class 2606 OID 16407)
-- Name: AspNetRoles PK_AspNetRoles; Type: CONSTRAINT; Schema: public; Owner: easuidb
--

ALTER TABLE ONLY public."AspNetRoles"
    ADD CONSTRAINT "PK_AspNetRoles" PRIMARY KEY ("Id");


--
-- TOC entry 3321 (class 2606 OID 16435)
-- Name: AspNetUserClaims PK_AspNetUserClaims; Type: CONSTRAINT; Schema: public; Owner: easuidb
--

ALTER TABLE ONLY public."AspNetUserClaims"
    ADD CONSTRAINT "PK_AspNetUserClaims" PRIMARY KEY ("Id");


--
-- TOC entry 3324 (class 2606 OID 16447)
-- Name: AspNetUserLogins PK_AspNetUserLogins; Type: CONSTRAINT; Schema: public; Owner: easuidb
--

ALTER TABLE ONLY public."AspNetUserLogins"
    ADD CONSTRAINT "PK_AspNetUserLogins" PRIMARY KEY ("LoginProvider", "ProviderKey");


--
-- TOC entry 3327 (class 2606 OID 16457)
-- Name: AspNetUserRoles PK_AspNetUserRoles; Type: CONSTRAINT; Schema: public; Owner: easuidb
--

ALTER TABLE ONLY public."AspNetUserRoles"
    ADD CONSTRAINT "PK_AspNetUserRoles" PRIMARY KEY ("UserId", "RoleId");


--
-- TOC entry 3329 (class 2606 OID 16474)
-- Name: AspNetUserTokens PK_AspNetUserTokens; Type: CONSTRAINT; Schema: public; Owner: easuidb
--

ALTER TABLE ONLY public."AspNetUserTokens"
    ADD CONSTRAINT "PK_AspNetUserTokens" PRIMARY KEY ("UserId", "LoginProvider", "Name");


--
-- TOC entry 3314 (class 2606 OID 16414)
-- Name: AspNetUsers PK_AspNetUsers; Type: CONSTRAINT; Schema: public; Owner: easuidb
--

ALTER TABLE ONLY public."AspNetUsers"
    ADD CONSTRAINT "PK_AspNetUsers" PRIMARY KEY ("Id");


--
-- TOC entry 3361 (class 2606 OID 16630)
-- Name: Carts PK_Carts; Type: CONSTRAINT; Schema: public; Owner: easuidb
--

ALTER TABLE ONLY public."Carts"
    ADD CONSTRAINT "PK_Carts" PRIMARY KEY ("Id");


--
-- TOC entry 3333 (class 2606 OID 16486)
-- Name: Categories PK_Categories; Type: CONSTRAINT; Schema: public; Owner: easuidb
--

ALTER TABLE ONLY public."Categories"
    ADD CONSTRAINT "PK_Categories" PRIMARY KEY ("Id");


--
-- TOC entry 3347 (class 2606 OID 16537)
-- Name: Comments PK_Comments; Type: CONSTRAINT; Schema: public; Owner: easuidb
--

ALTER TABLE ONLY public."Comments"
    ADD CONSTRAINT "PK_Comments" PRIMARY KEY ("Id");


--
-- TOC entry 3350 (class 2606 OID 16562)
-- Name: ComponentCategories PK_ComponentCategories; Type: CONSTRAINT; Schema: public; Owner: easuidb
--

ALTER TABLE ONLY public."ComponentCategories"
    ADD CONSTRAINT "PK_ComponentCategories" PRIMARY KEY ("CategoriesId", "ComponentsId");


--
-- TOC entry 3380 (class 2606 OID 16752)
-- Name: ComponentLikes PK_ComponentLikes; Type: CONSTRAINT; Schema: public; Owner: easuidb
--

ALTER TABLE ONLY public."ComponentLikes"
    ADD CONSTRAINT "PK_ComponentLikes" PRIMARY KEY ("UserId", "UIComponentId");


--
-- TOC entry 3353 (class 2606 OID 16577)
-- Name: ComponentTags PK_ComponentTags; Type: CONSTRAINT; Schema: public; Owner: easuidb
--

ALTER TABLE ONLY public."ComponentTags"
    ADD CONSTRAINT "PK_ComponentTags" PRIMARY KEY ("ComponentsId", "TagsId");


--
-- TOC entry 3374 (class 2606 OID 16696)
-- Name: OrderItems PK_OrderItems; Type: CONSTRAINT; Schema: public; Owner: easuidb
--

ALTER TABLE ONLY public."OrderItems"
    ADD CONSTRAINT "PK_OrderItems" PRIMARY KEY ("Id");


--
-- TOC entry 3370 (class 2606 OID 16674)
-- Name: Orders PK_Orders; Type: CONSTRAINT; Schema: public; Owner: easuidb
--

ALTER TABLE ONLY public."Orders"
    ADD CONSTRAINT "PK_Orders" PRIMARY KEY ("Id");


--
-- TOC entry 3377 (class 2606 OID 16713)
-- Name: Payments PK_Payments; Type: CONSTRAINT; Schema: public; Owner: easuidb
--

ALTER TABLE ONLY public."Payments"
    ADD CONSTRAINT "PK_Payments" PRIMARY KEY ("Id");


--
-- TOC entry 3389 (class 2606 OID 24627)
-- Name: RefreshTokens PK_RefreshTokens; Type: CONSTRAINT; Schema: public; Owner: easuidb
--

ALTER TABLE ONLY public."RefreshTokens"
    ADD CONSTRAINT "PK_RefreshTokens" PRIMARY KEY ("Id");


--
-- TOC entry 3356 (class 2606 OID 16592)
-- Name: SavedComponents PK_SavedComponents; Type: CONSTRAINT; Schema: public; Owner: easuidb
--

ALTER TABLE ONLY public."SavedComponents"
    ADD CONSTRAINT "PK_SavedComponents" PRIMARY KEY ("SavedByUsersId", "SavedComponentsId");


--
-- TOC entry 3337 (class 2606 OID 16503)
-- Name: Tags PK_Tags; Type: CONSTRAINT; Schema: public; Owner: easuidb
--

ALTER TABLE ONLY public."Tags"
    ADD CONSTRAINT "PK_Tags" PRIMARY KEY ("Id");


--
-- TOC entry 3341 (class 2606 OID 16520)
-- Name: UIComponents PK_UIComponents; Type: CONSTRAINT; Schema: public; Owner: easuidb
--

ALTER TABLE ONLY public."UIComponents"
    ADD CONSTRAINT "PK_UIComponents" PRIMARY KEY ("Id");


--
-- TOC entry 3383 (class 2606 OID 24596)
-- Name: UserFollows PK_UserFollows; Type: CONSTRAINT; Schema: public; Owner: easuidb
--

ALTER TABLE ONLY public."UserFollows"
    ADD CONSTRAINT "PK_UserFollows" PRIMARY KEY ("FollowerId", "FollowedId");


--
-- TOC entry 3308 (class 2606 OID 16400)
-- Name: __EFMigrationsHistory PK___EFMigrationsHistory; Type: CONSTRAINT; Schema: public; Owner: easuidb
--

ALTER TABLE ONLY public."__EFMigrationsHistory"
    ADD CONSTRAINT "PK___EFMigrationsHistory" PRIMARY KEY ("MigrationId");


--
-- TOC entry 3312 (class 1259 OID 16608)
-- Name: EmailIndex; Type: INDEX; Schema: public; Owner: easuidb
--

CREATE INDEX "EmailIndex" ON public."AspNetUsers" USING btree ("NormalizedEmail");


--
-- TOC entry 3362 (class 1259 OID 16666)
-- Name: IX_AboutUs_CreatorId; Type: INDEX; Schema: public; Owner: easuidb
--

CREATE INDEX "IX_AboutUs_CreatorId" ON public."AboutUs" USING btree ("CreatorId");


--
-- TOC entry 3363 (class 1259 OID 16667)
-- Name: IX_AboutUs_UpdaterId; Type: INDEX; Schema: public; Owner: easuidb
--

CREATE INDEX "IX_AboutUs_UpdaterId" ON public."AboutUs" USING btree ("UpdaterId");


--
-- TOC entry 3384 (class 1259 OID 24620)
-- Name: IX_Articles_AuthorId; Type: INDEX; Schema: public; Owner: easuidb
--

CREATE INDEX "IX_Articles_AuthorId" ON public."Articles" USING btree ("AuthorId");


--
-- TOC entry 3316 (class 1259 OID 16603)
-- Name: IX_AspNetRoleClaims_RoleId; Type: INDEX; Schema: public; Owner: easuidb
--

CREATE INDEX "IX_AspNetRoleClaims_RoleId" ON public."AspNetRoleClaims" USING btree ("RoleId");


--
-- TOC entry 3319 (class 1259 OID 16605)
-- Name: IX_AspNetUserClaims_UserId; Type: INDEX; Schema: public; Owner: easuidb
--

CREATE INDEX "IX_AspNetUserClaims_UserId" ON public."AspNetUserClaims" USING btree ("UserId");


--
-- TOC entry 3322 (class 1259 OID 16606)
-- Name: IX_AspNetUserLogins_UserId; Type: INDEX; Schema: public; Owner: easuidb
--

CREATE INDEX "IX_AspNetUserLogins_UserId" ON public."AspNetUserLogins" USING btree ("UserId");


--
-- TOC entry 3325 (class 1259 OID 16607)
-- Name: IX_AspNetUserRoles_RoleId; Type: INDEX; Schema: public; Owner: easuidb
--

CREATE INDEX "IX_AspNetUserRoles_RoleId" ON public."AspNetUserRoles" USING btree ("RoleId");


--
-- TOC entry 3357 (class 1259 OID 16646)
-- Name: IX_Carts_ApplicationUserId; Type: INDEX; Schema: public; Owner: easuidb
--

CREATE INDEX "IX_Carts_ApplicationUserId" ON public."Carts" USING btree ("ApplicationUserId");


--
-- TOC entry 3358 (class 1259 OID 16647)
-- Name: IX_Carts_UIComponentId; Type: INDEX; Schema: public; Owner: easuidb
--

CREATE INDEX "IX_Carts_UIComponentId" ON public."Carts" USING btree ("UIComponentId");


--
-- TOC entry 3359 (class 1259 OID 16648)
-- Name: IX_Carts_UserId; Type: INDEX; Schema: public; Owner: easuidb
--

CREATE INDEX "IX_Carts_UserId" ON public."Carts" USING btree ("UserId");


--
-- TOC entry 3330 (class 1259 OID 16610)
-- Name: IX_Categories_CreatedBy; Type: INDEX; Schema: public; Owner: easuidb
--

CREATE INDEX "IX_Categories_CreatedBy" ON public."Categories" USING btree ("CreatedBy");


--
-- TOC entry 3331 (class 1259 OID 16611)
-- Name: IX_Categories_UpdatedBy; Type: INDEX; Schema: public; Owner: easuidb
--

CREATE INDEX "IX_Categories_UpdatedBy" ON public."Categories" USING btree ("UpdatedBy");


--
-- TOC entry 3342 (class 1259 OID 16612)
-- Name: IX_Comments_ApplicationUserId; Type: INDEX; Schema: public; Owner: easuidb
--

CREATE INDEX "IX_Comments_ApplicationUserId" ON public."Comments" USING btree ("ApplicationUserId");


--
-- TOC entry 3343 (class 1259 OID 16613)
-- Name: IX_Comments_ComponentId; Type: INDEX; Schema: public; Owner: easuidb
--

CREATE INDEX "IX_Comments_ComponentId" ON public."Comments" USING btree ("ComponentId");


--
-- TOC entry 3344 (class 1259 OID 16614)
-- Name: IX_Comments_CreatedBy; Type: INDEX; Schema: public; Owner: easuidb
--

CREATE INDEX "IX_Comments_CreatedBy" ON public."Comments" USING btree ("CreatedBy");


--
-- TOC entry 3345 (class 1259 OID 16615)
-- Name: IX_Comments_UpdatedBy; Type: INDEX; Schema: public; Owner: easuidb
--

CREATE INDEX "IX_Comments_UpdatedBy" ON public."Comments" USING btree ("UpdatedBy");


--
-- TOC entry 3348 (class 1259 OID 16616)
-- Name: IX_ComponentCategories_ComponentsId; Type: INDEX; Schema: public; Owner: easuidb
--

CREATE INDEX "IX_ComponentCategories_ComponentsId" ON public."ComponentCategories" USING btree ("ComponentsId");


--
-- TOC entry 3378 (class 1259 OID 16763)
-- Name: IX_ComponentLikes_UIComponentId; Type: INDEX; Schema: public; Owner: easuidb
--

CREATE INDEX "IX_ComponentLikes_UIComponentId" ON public."ComponentLikes" USING btree ("UIComponentId");


--
-- TOC entry 3351 (class 1259 OID 16617)
-- Name: IX_ComponentTags_TagsId; Type: INDEX; Schema: public; Owner: easuidb
--

CREATE INDEX "IX_ComponentTags_TagsId" ON public."ComponentTags" USING btree ("TagsId");


--
-- TOC entry 3371 (class 1259 OID 16719)
-- Name: IX_OrderItems_OrderId; Type: INDEX; Schema: public; Owner: easuidb
--

CREATE INDEX "IX_OrderItems_OrderId" ON public."OrderItems" USING btree ("OrderId");


--
-- TOC entry 3372 (class 1259 OID 16720)
-- Name: IX_OrderItems_UIComponentId; Type: INDEX; Schema: public; Owner: easuidb
--

CREATE INDEX "IX_OrderItems_UIComponentId" ON public."OrderItems" USING btree ("UIComponentId");


--
-- TOC entry 3366 (class 1259 OID 16721)
-- Name: IX_Orders_CreatorId; Type: INDEX; Schema: public; Owner: easuidb
--

CREATE INDEX "IX_Orders_CreatorId" ON public."Orders" USING btree ("CreatorId");


--
-- TOC entry 3367 (class 1259 OID 16722)
-- Name: IX_Orders_UpdaterId; Type: INDEX; Schema: public; Owner: easuidb
--

CREATE INDEX "IX_Orders_UpdaterId" ON public."Orders" USING btree ("UpdaterId");


--
-- TOC entry 3368 (class 1259 OID 16723)
-- Name: IX_Orders_UserId; Type: INDEX; Schema: public; Owner: easuidb
--

CREATE INDEX "IX_Orders_UserId" ON public."Orders" USING btree ("UserId");


--
-- TOC entry 3375 (class 1259 OID 16724)
-- Name: IX_Payments_OrderId; Type: INDEX; Schema: public; Owner: easuidb
--

CREATE INDEX "IX_Payments_OrderId" ON public."Payments" USING btree ("OrderId");


--
-- TOC entry 3387 (class 1259 OID 24633)
-- Name: IX_RefreshTokens_UserId; Type: INDEX; Schema: public; Owner: easuidb
--

CREATE INDEX "IX_RefreshTokens_UserId" ON public."RefreshTokens" USING btree ("UserId");


--
-- TOC entry 3354 (class 1259 OID 16618)
-- Name: IX_SavedComponents_SavedComponentsId; Type: INDEX; Schema: public; Owner: easuidb
--

CREATE INDEX "IX_SavedComponents_SavedComponentsId" ON public."SavedComponents" USING btree ("SavedComponentsId");


--
-- TOC entry 3334 (class 1259 OID 16619)
-- Name: IX_Tags_CreatedBy; Type: INDEX; Schema: public; Owner: easuidb
--

CREATE INDEX "IX_Tags_CreatedBy" ON public."Tags" USING btree ("CreatedBy");


--
-- TOC entry 3335 (class 1259 OID 16620)
-- Name: IX_Tags_UpdatedBy; Type: INDEX; Schema: public; Owner: easuidb
--

CREATE INDEX "IX_Tags_UpdatedBy" ON public."Tags" USING btree ("UpdatedBy");


--
-- TOC entry 3338 (class 1259 OID 16621)
-- Name: IX_UIComponents_CreatedBy; Type: INDEX; Schema: public; Owner: easuidb
--

CREATE INDEX "IX_UIComponents_CreatedBy" ON public."UIComponents" USING btree ("CreatedBy");


--
-- TOC entry 3339 (class 1259 OID 16622)
-- Name: IX_UIComponents_UpdatedBy; Type: INDEX; Schema: public; Owner: easuidb
--

CREATE INDEX "IX_UIComponents_UpdatedBy" ON public."UIComponents" USING btree ("UpdatedBy");


--
-- TOC entry 3381 (class 1259 OID 24607)
-- Name: IX_UserFollows_FollowedId; Type: INDEX; Schema: public; Owner: easuidb
--

CREATE INDEX "IX_UserFollows_FollowedId" ON public."UserFollows" USING btree ("FollowedId");


--
-- TOC entry 3311 (class 1259 OID 16604)
-- Name: RoleNameIndex; Type: INDEX; Schema: public; Owner: easuidb
--

CREATE UNIQUE INDEX "RoleNameIndex" ON public."AspNetRoles" USING btree ("NormalizedName");


--
-- TOC entry 3315 (class 1259 OID 16609)
-- Name: UserNameIndex; Type: INDEX; Schema: public; Owner: easuidb
--

CREATE UNIQUE INDEX "UserNameIndex" ON public."AspNetUsers" USING btree ("NormalizedUserName");


--
-- TOC entry 3415 (class 2606 OID 16656)
-- Name: AboutUs FK_AboutUs_AspNetUsers_CreatorId; Type: FK CONSTRAINT; Schema: public; Owner: easuidb
--

ALTER TABLE ONLY public."AboutUs"
    ADD CONSTRAINT "FK_AboutUs_AspNetUsers_CreatorId" FOREIGN KEY ("CreatorId") REFERENCES public."AspNetUsers"("Id");


--
-- TOC entry 3416 (class 2606 OID 16661)
-- Name: AboutUs FK_AboutUs_AspNetUsers_UpdaterId; Type: FK CONSTRAINT; Schema: public; Owner: easuidb
--

ALTER TABLE ONLY public."AboutUs"
    ADD CONSTRAINT "FK_AboutUs_AspNetUsers_UpdaterId" FOREIGN KEY ("UpdaterId") REFERENCES public."AspNetUsers"("Id");


--
-- TOC entry 3427 (class 2606 OID 24615)
-- Name: Articles FK_Articles_AspNetUsers_AuthorId; Type: FK CONSTRAINT; Schema: public; Owner: easuidb
--

ALTER TABLE ONLY public."Articles"
    ADD CONSTRAINT "FK_Articles_AspNetUsers_AuthorId" FOREIGN KEY ("AuthorId") REFERENCES public."AspNetUsers"("Id") ON DELETE SET NULL;


--
-- TOC entry 3390 (class 2606 OID 16423)
-- Name: AspNetRoleClaims FK_AspNetRoleClaims_AspNetRoles_RoleId; Type: FK CONSTRAINT; Schema: public; Owner: easuidb
--

ALTER TABLE ONLY public."AspNetRoleClaims"
    ADD CONSTRAINT "FK_AspNetRoleClaims_AspNetRoles_RoleId" FOREIGN KEY ("RoleId") REFERENCES public."AspNetRoles"("Id") ON DELETE CASCADE;


--
-- TOC entry 3391 (class 2606 OID 16436)
-- Name: AspNetUserClaims FK_AspNetUserClaims_AspNetUsers_UserId; Type: FK CONSTRAINT; Schema: public; Owner: easuidb
--

ALTER TABLE ONLY public."AspNetUserClaims"
    ADD CONSTRAINT "FK_AspNetUserClaims_AspNetUsers_UserId" FOREIGN KEY ("UserId") REFERENCES public."AspNetUsers"("Id") ON DELETE CASCADE;


--
-- TOC entry 3392 (class 2606 OID 16448)
-- Name: AspNetUserLogins FK_AspNetUserLogins_AspNetUsers_UserId; Type: FK CONSTRAINT; Schema: public; Owner: easuidb
--

ALTER TABLE ONLY public."AspNetUserLogins"
    ADD CONSTRAINT "FK_AspNetUserLogins_AspNetUsers_UserId" FOREIGN KEY ("UserId") REFERENCES public."AspNetUsers"("Id") ON DELETE CASCADE;


--
-- TOC entry 3393 (class 2606 OID 16458)
-- Name: AspNetUserRoles FK_AspNetUserRoles_AspNetRoles_RoleId; Type: FK CONSTRAINT; Schema: public; Owner: easuidb
--

ALTER TABLE ONLY public."AspNetUserRoles"
    ADD CONSTRAINT "FK_AspNetUserRoles_AspNetRoles_RoleId" FOREIGN KEY ("RoleId") REFERENCES public."AspNetRoles"("Id") ON DELETE CASCADE;


--
-- TOC entry 3394 (class 2606 OID 16463)
-- Name: AspNetUserRoles FK_AspNetUserRoles_AspNetUsers_UserId; Type: FK CONSTRAINT; Schema: public; Owner: easuidb
--

ALTER TABLE ONLY public."AspNetUserRoles"
    ADD CONSTRAINT "FK_AspNetUserRoles_AspNetUsers_UserId" FOREIGN KEY ("UserId") REFERENCES public."AspNetUsers"("Id") ON DELETE CASCADE;


--
-- TOC entry 3395 (class 2606 OID 16475)
-- Name: AspNetUserTokens FK_AspNetUserTokens_AspNetUsers_UserId; Type: FK CONSTRAINT; Schema: public; Owner: easuidb
--

ALTER TABLE ONLY public."AspNetUserTokens"
    ADD CONSTRAINT "FK_AspNetUserTokens_AspNetUsers_UserId" FOREIGN KEY ("UserId") REFERENCES public."AspNetUsers"("Id") ON DELETE CASCADE;


--
-- TOC entry 3412 (class 2606 OID 16631)
-- Name: Carts FK_Carts_AspNetUsers_ApplicationUserId; Type: FK CONSTRAINT; Schema: public; Owner: easuidb
--

ALTER TABLE ONLY public."Carts"
    ADD CONSTRAINT "FK_Carts_AspNetUsers_ApplicationUserId" FOREIGN KEY ("ApplicationUserId") REFERENCES public."AspNetUsers"("Id");


--
-- TOC entry 3413 (class 2606 OID 16636)
-- Name: Carts FK_Carts_AspNetUsers_UserId; Type: FK CONSTRAINT; Schema: public; Owner: easuidb
--

ALTER TABLE ONLY public."Carts"
    ADD CONSTRAINT "FK_Carts_AspNetUsers_UserId" FOREIGN KEY ("UserId") REFERENCES public."AspNetUsers"("Id") ON DELETE CASCADE;


--
-- TOC entry 3414 (class 2606 OID 16641)
-- Name: Carts FK_Carts_UIComponents_UIComponentId; Type: FK CONSTRAINT; Schema: public; Owner: easuidb
--

ALTER TABLE ONLY public."Carts"
    ADD CONSTRAINT "FK_Carts_UIComponents_UIComponentId" FOREIGN KEY ("UIComponentId") REFERENCES public."UIComponents"("Id") ON DELETE CASCADE;


--
-- TOC entry 3396 (class 2606 OID 16487)
-- Name: Categories FK_Categories_AspNetUsers_CreatedBy; Type: FK CONSTRAINT; Schema: public; Owner: easuidb
--

ALTER TABLE ONLY public."Categories"
    ADD CONSTRAINT "FK_Categories_AspNetUsers_CreatedBy" FOREIGN KEY ("CreatedBy") REFERENCES public."AspNetUsers"("Id") ON DELETE SET NULL;


--
-- TOC entry 3397 (class 2606 OID 16492)
-- Name: Categories FK_Categories_AspNetUsers_UpdatedBy; Type: FK CONSTRAINT; Schema: public; Owner: easuidb
--

ALTER TABLE ONLY public."Categories"
    ADD CONSTRAINT "FK_Categories_AspNetUsers_UpdatedBy" FOREIGN KEY ("UpdatedBy") REFERENCES public."AspNetUsers"("Id") ON DELETE SET NULL;


--
-- TOC entry 3402 (class 2606 OID 16538)
-- Name: Comments FK_Comments_AspNetUsers_ApplicationUserId; Type: FK CONSTRAINT; Schema: public; Owner: easuidb
--

ALTER TABLE ONLY public."Comments"
    ADD CONSTRAINT "FK_Comments_AspNetUsers_ApplicationUserId" FOREIGN KEY ("ApplicationUserId") REFERENCES public."AspNetUsers"("Id");


--
-- TOC entry 3403 (class 2606 OID 16543)
-- Name: Comments FK_Comments_AspNetUsers_CreatedBy; Type: FK CONSTRAINT; Schema: public; Owner: easuidb
--

ALTER TABLE ONLY public."Comments"
    ADD CONSTRAINT "FK_Comments_AspNetUsers_CreatedBy" FOREIGN KEY ("CreatedBy") REFERENCES public."AspNetUsers"("Id") ON DELETE SET NULL;


--
-- TOC entry 3404 (class 2606 OID 16548)
-- Name: Comments FK_Comments_AspNetUsers_UpdatedBy; Type: FK CONSTRAINT; Schema: public; Owner: easuidb
--

ALTER TABLE ONLY public."Comments"
    ADD CONSTRAINT "FK_Comments_AspNetUsers_UpdatedBy" FOREIGN KEY ("UpdatedBy") REFERENCES public."AspNetUsers"("Id") ON DELETE SET NULL;


--
-- TOC entry 3405 (class 2606 OID 16553)
-- Name: Comments FK_Comments_UIComponents_ComponentId; Type: FK CONSTRAINT; Schema: public; Owner: easuidb
--

ALTER TABLE ONLY public."Comments"
    ADD CONSTRAINT "FK_Comments_UIComponents_ComponentId" FOREIGN KEY ("ComponentId") REFERENCES public."UIComponents"("Id") ON DELETE CASCADE;


--
-- TOC entry 3406 (class 2606 OID 16563)
-- Name: ComponentCategories FK_ComponentCategories_Categories_CategoriesId; Type: FK CONSTRAINT; Schema: public; Owner: easuidb
--

ALTER TABLE ONLY public."ComponentCategories"
    ADD CONSTRAINT "FK_ComponentCategories_Categories_CategoriesId" FOREIGN KEY ("CategoriesId") REFERENCES public."Categories"("Id") ON DELETE CASCADE;


--
-- TOC entry 3407 (class 2606 OID 16568)
-- Name: ComponentCategories FK_ComponentCategories_UIComponents_ComponentsId; Type: FK CONSTRAINT; Schema: public; Owner: easuidb
--

ALTER TABLE ONLY public."ComponentCategories"
    ADD CONSTRAINT "FK_ComponentCategories_UIComponents_ComponentsId" FOREIGN KEY ("ComponentsId") REFERENCES public."UIComponents"("Id") ON DELETE CASCADE;


--
-- TOC entry 3423 (class 2606 OID 16753)
-- Name: ComponentLikes FK_ComponentLikes_AspNetUsers_UserId; Type: FK CONSTRAINT; Schema: public; Owner: easuidb
--

ALTER TABLE ONLY public."ComponentLikes"
    ADD CONSTRAINT "FK_ComponentLikes_AspNetUsers_UserId" FOREIGN KEY ("UserId") REFERENCES public."AspNetUsers"("Id") ON DELETE CASCADE;


--
-- TOC entry 3424 (class 2606 OID 16758)
-- Name: ComponentLikes FK_ComponentLikes_UIComponents_UIComponentId; Type: FK CONSTRAINT; Schema: public; Owner: easuidb
--

ALTER TABLE ONLY public."ComponentLikes"
    ADD CONSTRAINT "FK_ComponentLikes_UIComponents_UIComponentId" FOREIGN KEY ("UIComponentId") REFERENCES public."UIComponents"("Id") ON DELETE CASCADE;


--
-- TOC entry 3408 (class 2606 OID 16578)
-- Name: ComponentTags FK_ComponentTags_Tags_TagsId; Type: FK CONSTRAINT; Schema: public; Owner: easuidb
--

ALTER TABLE ONLY public."ComponentTags"
    ADD CONSTRAINT "FK_ComponentTags_Tags_TagsId" FOREIGN KEY ("TagsId") REFERENCES public."Tags"("Id") ON DELETE CASCADE;


--
-- TOC entry 3409 (class 2606 OID 16583)
-- Name: ComponentTags FK_ComponentTags_UIComponents_ComponentsId; Type: FK CONSTRAINT; Schema: public; Owner: easuidb
--

ALTER TABLE ONLY public."ComponentTags"
    ADD CONSTRAINT "FK_ComponentTags_UIComponents_ComponentsId" FOREIGN KEY ("ComponentsId") REFERENCES public."UIComponents"("Id") ON DELETE CASCADE;


--
-- TOC entry 3420 (class 2606 OID 16697)
-- Name: OrderItems FK_OrderItems_Orders_OrderId; Type: FK CONSTRAINT; Schema: public; Owner: easuidb
--

ALTER TABLE ONLY public."OrderItems"
    ADD CONSTRAINT "FK_OrderItems_Orders_OrderId" FOREIGN KEY ("OrderId") REFERENCES public."Orders"("Id") ON DELETE CASCADE;


--
-- TOC entry 3421 (class 2606 OID 16702)
-- Name: OrderItems FK_OrderItems_UIComponents_UIComponentId; Type: FK CONSTRAINT; Schema: public; Owner: easuidb
--

ALTER TABLE ONLY public."OrderItems"
    ADD CONSTRAINT "FK_OrderItems_UIComponents_UIComponentId" FOREIGN KEY ("UIComponentId") REFERENCES public."UIComponents"("Id") ON DELETE CASCADE;


--
-- TOC entry 3417 (class 2606 OID 16675)
-- Name: Orders FK_Orders_AspNetUsers_CreatorId; Type: FK CONSTRAINT; Schema: public; Owner: easuidb
--

ALTER TABLE ONLY public."Orders"
    ADD CONSTRAINT "FK_Orders_AspNetUsers_CreatorId" FOREIGN KEY ("CreatorId") REFERENCES public."AspNetUsers"("Id");


--
-- TOC entry 3418 (class 2606 OID 16680)
-- Name: Orders FK_Orders_AspNetUsers_UpdaterId; Type: FK CONSTRAINT; Schema: public; Owner: easuidb
--

ALTER TABLE ONLY public."Orders"
    ADD CONSTRAINT "FK_Orders_AspNetUsers_UpdaterId" FOREIGN KEY ("UpdaterId") REFERENCES public."AspNetUsers"("Id");


--
-- TOC entry 3419 (class 2606 OID 16685)
-- Name: Orders FK_Orders_AspNetUsers_UserId; Type: FK CONSTRAINT; Schema: public; Owner: easuidb
--

ALTER TABLE ONLY public."Orders"
    ADD CONSTRAINT "FK_Orders_AspNetUsers_UserId" FOREIGN KEY ("UserId") REFERENCES public."AspNetUsers"("Id") ON DELETE RESTRICT;


--
-- TOC entry 3422 (class 2606 OID 16714)
-- Name: Payments FK_Payments_Orders_OrderId; Type: FK CONSTRAINT; Schema: public; Owner: easuidb
--

ALTER TABLE ONLY public."Payments"
    ADD CONSTRAINT "FK_Payments_Orders_OrderId" FOREIGN KEY ("OrderId") REFERENCES public."Orders"("Id") ON DELETE RESTRICT;


--
-- TOC entry 3428 (class 2606 OID 24628)
-- Name: RefreshTokens FK_RefreshTokens_AspNetUsers_UserId; Type: FK CONSTRAINT; Schema: public; Owner: easuidb
--

ALTER TABLE ONLY public."RefreshTokens"
    ADD CONSTRAINT "FK_RefreshTokens_AspNetUsers_UserId" FOREIGN KEY ("UserId") REFERENCES public."AspNetUsers"("Id") ON DELETE CASCADE;


--
-- TOC entry 3410 (class 2606 OID 16593)
-- Name: SavedComponents FK_SavedComponents_AspNetUsers_SavedByUsersId; Type: FK CONSTRAINT; Schema: public; Owner: easuidb
--

ALTER TABLE ONLY public."SavedComponents"
    ADD CONSTRAINT "FK_SavedComponents_AspNetUsers_SavedByUsersId" FOREIGN KEY ("SavedByUsersId") REFERENCES public."AspNetUsers"("Id") ON DELETE CASCADE;


--
-- TOC entry 3411 (class 2606 OID 16598)
-- Name: SavedComponents FK_SavedComponents_UIComponents_SavedComponentsId; Type: FK CONSTRAINT; Schema: public; Owner: easuidb
--

ALTER TABLE ONLY public."SavedComponents"
    ADD CONSTRAINT "FK_SavedComponents_UIComponents_SavedComponentsId" FOREIGN KEY ("SavedComponentsId") REFERENCES public."UIComponents"("Id") ON DELETE CASCADE;


--
-- TOC entry 3398 (class 2606 OID 16504)
-- Name: Tags FK_Tags_AspNetUsers_CreatedBy; Type: FK CONSTRAINT; Schema: public; Owner: easuidb
--

ALTER TABLE ONLY public."Tags"
    ADD CONSTRAINT "FK_Tags_AspNetUsers_CreatedBy" FOREIGN KEY ("CreatedBy") REFERENCES public."AspNetUsers"("Id") ON DELETE SET NULL;


--
-- TOC entry 3399 (class 2606 OID 16509)
-- Name: Tags FK_Tags_AspNetUsers_UpdatedBy; Type: FK CONSTRAINT; Schema: public; Owner: easuidb
--

ALTER TABLE ONLY public."Tags"
    ADD CONSTRAINT "FK_Tags_AspNetUsers_UpdatedBy" FOREIGN KEY ("UpdatedBy") REFERENCES public."AspNetUsers"("Id") ON DELETE SET NULL;


--
-- TOC entry 3400 (class 2606 OID 16521)
-- Name: UIComponents FK_UIComponents_AspNetUsers_CreatedBy; Type: FK CONSTRAINT; Schema: public; Owner: easuidb
--

ALTER TABLE ONLY public."UIComponents"
    ADD CONSTRAINT "FK_UIComponents_AspNetUsers_CreatedBy" FOREIGN KEY ("CreatedBy") REFERENCES public."AspNetUsers"("Id") ON DELETE SET NULL;


--
-- TOC entry 3401 (class 2606 OID 16526)
-- Name: UIComponents FK_UIComponents_AspNetUsers_UpdatedBy; Type: FK CONSTRAINT; Schema: public; Owner: easuidb
--

ALTER TABLE ONLY public."UIComponents"
    ADD CONSTRAINT "FK_UIComponents_AspNetUsers_UpdatedBy" FOREIGN KEY ("UpdatedBy") REFERENCES public."AspNetUsers"("Id") ON DELETE SET NULL;


--
-- TOC entry 3425 (class 2606 OID 24597)
-- Name: UserFollows FK_UserFollows_AspNetUsers_FollowedId; Type: FK CONSTRAINT; Schema: public; Owner: easuidb
--

ALTER TABLE ONLY public."UserFollows"
    ADD CONSTRAINT "FK_UserFollows_AspNetUsers_FollowedId" FOREIGN KEY ("FollowedId") REFERENCES public."AspNetUsers"("Id") ON DELETE RESTRICT;


--
-- TOC entry 3426 (class 2606 OID 24602)
-- Name: UserFollows FK_UserFollows_AspNetUsers_FollowerId; Type: FK CONSTRAINT; Schema: public; Owner: easuidb
--

ALTER TABLE ONLY public."UserFollows"
    ADD CONSTRAINT "FK_UserFollows_AspNetUsers_FollowerId" FOREIGN KEY ("FollowerId") REFERENCES public."AspNetUsers"("Id") ON DELETE RESTRICT;


--
-- TOC entry 2132 (class 826 OID 16391)
-- Name: DEFAULT PRIVILEGES FOR SEQUENCES; Type: DEFAULT ACL; Schema: -; Owner: postgres
--

ALTER DEFAULT PRIVILEGES FOR ROLE postgres GRANT ALL ON SEQUENCES TO easuidb;


--
-- TOC entry 2134 (class 826 OID 16393)
-- Name: DEFAULT PRIVILEGES FOR TYPES; Type: DEFAULT ACL; Schema: -; Owner: postgres
--

ALTER DEFAULT PRIVILEGES FOR ROLE postgres GRANT ALL ON TYPES TO easuidb;


--
-- TOC entry 2133 (class 826 OID 16392)
-- Name: DEFAULT PRIVILEGES FOR FUNCTIONS; Type: DEFAULT ACL; Schema: -; Owner: postgres
--

ALTER DEFAULT PRIVILEGES FOR ROLE postgres GRANT ALL ON FUNCTIONS TO easuidb;


--
-- TOC entry 2131 (class 826 OID 16390)
-- Name: DEFAULT PRIVILEGES FOR TABLES; Type: DEFAULT ACL; Schema: -; Owner: postgres
--

ALTER DEFAULT PRIVILEGES FOR ROLE postgres GRANT SELECT,INSERT,REFERENCES,DELETE,TRIGGER,TRUNCATE,UPDATE ON TABLES TO easuidb;


-- Completed on 2025-05-16 00:54:59

--
-- PostgreSQL database dump complete
--

